page,jp,phone,th
1,私（男性）,phǒm,ผม
1,私（女性）,dìʔ chǎn,ดิฉัน
1,私たち,phûak raw,(พวก)เรา
1,あなた・〜さん,khun ~,คุณ(~)
1,おなたたち・きみたち,phûak khun,พวกคุณ
1,彼・彼女,khǎw,เขา
1,彼ら・彼女たち,phûak khǎw,พวกเขา
1,それ（動物などに）,man,มัน
1,みなさん,thúk thân,ทุกท่าน
1,この〜,~ níi,~นี้
1,その〜,~ nán,~นั้น
1,あの〜,~ nóon,~โน้น
1,この人,khon níi,คนนี้
1,その人,khon nán,คนนั้น
1,あの人,khon nóon,คนโน้น
1,これ,nîi / ʔan níi,นี่/อันนี้
1,それ,nân / ʔan nán,นั่น/อันนั้น
1,あれ,nôon / ʔan nóon,โน่น/อันโน้น
1,これらの〜,~ phûak níi,~พวกนี้
1,それらの〜,~ phûak nán,~พวกนั้น
1,あれらの〜,~ phûak nóon,~พวกโน้น
2,何（の〜）,~ ʔà ray,(~)อะไร
2,何という名前ですか。,chɯ̂ɯ ʔà ray,ชื่ออะไร
2,どうしたの,pen ʔà ray,เป็นอะไร
2,どんな用,thúʔ ráʔ ʔà ray,ธุระอะไร
2,どういう意味,plɛɛ wâa ʔà ray,แปลว่าอะไร
2,誰,kray,ใคร
2,誰の,khɔ̌ɔŋ kray,ของใคร
2,誰と,kàp kray,กับใคร
2,どの〜,~ nǎy,~ไหน
2,どこ,thîi nǎy,ที่ไหน
2,どこ（狭く）,troŋ nǎy,ตรงไหน
2,どれ,ʔan nǎy,อันไหน
2,どちらのほう,thaaŋ nǎy,ทางไหน
2,どの人,khon nǎy,คนไหน
2,なぜ,tham may,ทำไม
2,いつ,mɯ̂a ray,เมื่อไร
2,どのような（に）,yàaŋ ray,อย่างไร
2,どうですか,pen yàaŋ ray,เป็นอย่างไร
2,どうしよう,tham yàaŋ ray,ทำอย่างไร
2,いくら,thâw ray,เท่าไร
2,いくつ（年齢をきく）,ʔaa yúʔ thâw ray,อายุเท่าไร
3,1,nɯ̀ŋ,หนึ่ง
3,2,sɔ̌ɔŋ,สอง
3,3,sǎam,สาม
3,4,sìi,สี่
3,5,hâa,ห้า
3,6,hòk,หก
3,7,cèt,เจ็ด
3,8,pɛ̀ɛt,แปด
3,9,kâaw,เก้า
3,10,sìp,สิบ
3,11,sìp ʔèt,สิบเอ็ด
3,12,sìp sɔ̌ɔŋ,สิบสอง
3,13,sìp sǎam,สิบสาม
3,14,sìp sìi,สิบสี่
3,15,sìp hâa,สิบห้า
3,16,sìp hòk,สิบหก
3,17,sìp cèt,สิบเจ็ด
3,18,sìp pɛ̀ɛt,สิบแปด
3,19,sìp kâaw,สิบเก้า
3,20,yîi sìp,ยี่สิบ
3,21,yîi sìp ʔèt,ยี่สิบเอ็ด
4,30,sǎam sìp,สามสิบ
4,40,sìi sìp,สี่สิบ
4,50,hâa sìp,ห้าสิบ
4,60,hòk sìp,หกสิบ
4,70,cèt sìp,เจ็ดสิบ
4,80,pɛ̀ɛt sìp,แปดสิบ
4,90,kâaw sìp,เก้าสิบ
4,100,rɔ́ɔy,ร้อย
4,千,phan,พัน
4,万,mɯ̀ɯn,หมื่น
4,十万,sɛ̌ɛn,แสน
4,百万,láan,ล้าน
4,千万,sìp láan,สิบล้าน
4,億,rɔ́ɔy láan,ร้อยล้าน
4,兆,láan láan,ล้านล้าน
4,ゼロ,sǔun,ศูนย์
4,99,kâaw sìp kâaw,เก้าสิบเก้า
4,101,rɔ́ɔy nɯ̀ŋ,ร้อยหนึ่ง
4,1001,phan nɯ̀ŋ,พันหนึ่ง
4,1989,nɯ̀ŋ phan kâaw rɔ́ɔy kâaw sìp kâaw,หนึ่งพันเก้าร้อยเก้าสิบเก้า
4,2532,sɔ̌ɔŋ phan hâa rɔ́ɔy sǎam sìp sɔ̌ɔŋ,สองพันห้าร้อยสามสิบสอง
5,数,lêek,เลข
5,2・3の〜,sɔ̌ɔŋ sǎam ~,สองสาม~
5,第一の〜・一番目の〜,~ thîi nɯ̀ŋ,~ที่หนึ่ง
5,2番目の〜,~ thîi sɔ̌ɔŋ,~ที่สอง
5,何番目の〜,~ thîi thâw ray,~ที่เท่าไร
5,いくつの〜,kìi ~,กี่~
5,何個,kìi ʔan,กี่อัน
5,それぞれの〜,tɛ̀ɛ láʔ ~,แต่ละ~
5,すべての〜,thúk ~,ทุก~
5,〜万以上,mɯ̀ɯn kwàa,หมื่นกว่า
5,数え切れない,náp mây thûan,นับไม่ถ้วน
5,だいたい,pra maan,ประมาณ
5,3分の1（分数）,sèet nɯ̀ŋ sùan sǎam,เศษหนึ่งส่วนสาม
5,12.39（小数）,sìp sɔ̌ɔŋ cùt sǎam kâaw,สิบสองจุดสามเก้า
5,半分,khrɯ̂ŋ,ครึ่ง
5,〜倍,~ thâw,~เท่า
5,足す,bùak,บวก
5,引く,lóp,ลบ
5,かける,khuun,คูณ
5,割る,hǎan,หาร
5,イコール〜,thâw kàp ~,เท่ากับ~
6,未明,cháaw mɯ̂ɯt,เช้ามืด
6,明け方,cháaw trùu,เช้าตรู่
6,朝（早く）,cháaw,เช้า
6,午前中,tɔɔn cháaw,ตอนเช้า
6,朝（遅く）,tɔɔn sǎay,ตอนสาย
6,正午,thîaŋ wan,เที่ยงวัน
6,午後,tɔɔn bàay,ตอนบ่าย
6,昼（間）,klaaŋ wan,กลางวัน
6,夕方から晩にかけて,tɔɔn yen,ตอนเย็น
6,夜間・夜中,klaaŋ khɯɯn,กลางคืน
6,深夜,dɯ̀k,ดึก
6,一日,nɯ̀ŋ wan,หนึ่งวัน
6,一日中,tà lɔ̀ɔt tháŋ wan,ตลอดทั้งวัน
6,半日,khrɯ̂ŋ wan,ครึ่งวัน
6,時間・時刻,wee laa,เวลา
6,時間,chûa mooŋ,ชั่วโมง
6,何時間,kìi chûa mooŋ,กี่ชั่วโมง
6,〜時,~ mooŋ,~โมง
6,何時（たずねる時）,kìi mooŋ,กี่โมง
6,分,naa thii,นาที
6,秒,wíʔ naa thii,วินาที
7,午前1時,tii nîi,ตีหนี่ง
7,午前2時,tii sɔ̌ɔŋ,ตีสอง
7,午前5時,tii hâa,ตีห้า
7,午前6時,hòk mooŋ cháaw,หกโมงเช้า
7,午前7時,cèt mooŋ cháaw,เจ็ดโมงเช้า
7,午前8時,pɛ̀ɛt mooŋ cháaw,แปดโมงเช้า
7,午前11時,sìp ʔèt mooŋ cháaw,สิบเอ็ดโมงเช้า
7,正午,thîaŋ,เที่ยง
7,午後1時,bàay mooŋ,บ่ายโมง
7,午後2時,bàay sɔ̌ɔŋ mooŋ,บ่ายสองโมง
7,午後3時,bàay sǎam mooŋ,บ่ายสามโมง
7,午後4時,sìi mooŋ yen,สี่โมงเย็น
7,午後6時,hòk mooŋ yen,หกโมงเย็น
7,午後7時,thûm,ทุ่ม
7,午後8時,sɔ̌ɔŋ thûm,สองทุ่ม
7,午後9時,sǎam thûm,สามทุ่ม
7,午後10時,sìi thûm,สี่ทุ่ม
7,午後11時,hâa thûm,ห้าทุ่ม
7,午前0時,thîaŋ khɯɯn,เที่ยงคืน
7,午前9時,kâaw naa lí kaa,เก้านาฬิกา
7,午後9時,yîi sìp ʔèt naa lí kaa,ยี่สิบเอ็ดนาฬิกา
8,今,wee laa níi,เวลานี้
8,現在,pàt cùʔ ban níi,ปัจจุบันนี้
8,すぐに,than thii,ทันที
8,今すぐに,dǐaw níi,เดี๋ยวนี้
8,ふだんは・普通（の）,tham má daa,ธรรมดา
8,まず・先に,kɔ̀ɔn,ก่อน
8,さっき,mɯ̂a kîi níi,เมื่อกี้นี้
8,この前,mɯ̂a kɔ̀ɔn níi,เมื่อก่อนนี้
8,あとで（時間）・後日,wan lǎŋ,วันหลัง
8,あとで（順番）・今後,thii lǎŋ,ทีหลัง
8,これから・今後,tɔ̀ɔ pay níi,ต่อไปนี้
8,次（の〜）,~ tɔ̀ɔ pay,(~)ต่อไป
8,ふたたび,ʔìik / mày,อีก/ใหม่
8,時々,baaŋ thii,บางที
8,たびたび,bɔ̀ɔy,บ่อย(ๆ)
8,いつも,sa mə̌ə,เสมอ
8,突然,ka than hǎn,กะทันหัน
8,このごろ・最近,mùu níi,หมู่นี้
8,現代・近代,sa mǎy níi,สมัยนี้
8,昔,sa mǎy kɔ̀ɔn,สมัยก่อน
8,将来,nay ʔà naa khót,ในอนาคต
9,日,wan,วัน
9,日付,wan thîi,วันที่
9,ついたち,wan thîi nɯ̀ŋ,วันที่หนึ่ง
9,ふつか,wan thîi sɔ̌ɔŋ,วันที่สอง
9,何日（日付）,wan thîi thâw ray,วันที่เท่าไร
9,一日（期間）,nɯ̀ŋ wan,หนึ่งวัน
9,二日（期間）,sɔ̌ɔŋ wan,สองวัน
9,一両日,wan sɔ̌ɔŋ wan,วันสองวัน
9,三・四日,sǎam sìi wan,สามสี่วัน
9,何日間,kìi wan,กี่วัน
9,日曜日,wan ʔaa thít,วันอาทิตย์
9,月曜日,wan can,วันจันทร์
9,火曜日,wan ʔaŋ khaan,วันอังคาร
9,水曜日,wan phút,วันพุธ
9,木曜日,wan phá rɯ́ hàt,วันพฤหัส
9,金曜日,wan sùk,วันศุกร์
9,土曜日,wan sǎw,วันเสาร์
9,何曜日,wan ʔà ray,วันอะไร
9,月水金,can phút sùk,จันทร์พุธศุกร์
9,元旦,wan khɯ̂n pii mày,วันขึ้นปีใหม่
9,週,ʔaa thít,อาทิตย์
10,月,dɯan,เดือน
10,一月,dɯan mók kà raa khom,เดือนมกราคม
10,二月,dɯan kum phaa phan,เดือนกุมภาพันธ์
10,三月,dɯan mii naa khom,เดือนมีนาคม
10,四月,dɯan mee sǎa yon,เดือนเมษายน
10,五月,dɯan phrɯ́t sa phaa khom,เดือนพฤษภาคม
10,六月,dɯan míʔ thùʔ naa yon,เดือนมิถุนายน
10,七月,dɯan kà rá kà daa khom,เดือนกรกฎาคม
10,八月,dɯan sǐŋ hǎa khom,เดือนสิงหาคม
10,九月,dɯan kan yaa yon,เดือนกันยายน
10,十月,dɯan tùʔ laa khom,เดือนตุลาคม
10,十一月,dɯan phrɯ́t sa cìʔ kaa yon,เดือนพฤศจิกายน
10,十二月,dɯan than waa khom,เดือนธันวาคม
10,何月,dɯan ʔà ray,เดือนอะไร
10,一か月,nɯ̀ŋ dɯan,หนึ่งเดือน
10,二か月,sɔ̌ɔŋ dɯan,สองเดือน
10,何か月,kìi dɯan,กี่เดือน
10,初旬,tôn duan,ต้นเดือน
10,中旬,klaaŋ dɯan,กลางเดือน
10,下旬,plaay duan,ปลายเดือน
10,月末,sîn dɯan,สิ้นเดือน
11,きょう,wan níi,วันนี้
11,あした,phrûŋ níi,พรุ่งนี้
11,あさって,máʔ rɯɯn níi,มะรืนนี้
11,しあさって,máʔ rɯ̂aŋ níi,มะเรื่องนี้
11,きのう,mɯ̂a waan níi,เมื่อวานนี้
11,おととい,mɯ̂a waan sɯɯn níi,เมื่อวานซืนนี้
11,翌日,wan rûŋ khɯ̂n,วันรุ่งขึ้น
11,毎日,thúk wan,ทุกวัน
11,休日・祝日,wan yùt,วันหยุด
11,今週,ʔaa thít níi,อาทิตย์นี้
11,来週,ʔaa thít nâa,อาทิตย์หน้า
11,先週,ʔaa thít thîi lɛ́ɛw,อาทิตย์ที่แล้ว
11,毎週,thúk ʔaa thít,ทุกอาทิตย์
11,2週間,sɔ̌ɔŋ ʔaa thít,สองอาทิตย์
11,何週間,kìi ʔaa thít,กี่อาทิตย์
11,週末,sùt sàp daa,สุดสัปดาห์
11,ゴールデン・ウィーク,sàp daa thɔɔŋ,สัปดาห์ทอง
11,今月,dɯan níi,เดือนนี้
11,来月,dɯan nâa,เดือนหน้า
11,先月,dɯan thîi lɛ́ɛw,เดือนที่แล้ว
11,毎月,thúk dɯan,ทุกเดือน
12,年・~才,pii,ปี
12,今年,pii níi,ปีนี้
12,来年,pii nâa,ปีหน้า
12,去年,pii thîi lɛ́ɛw,ปีที่แล้ว
12,一年の初めごろ,tôn pii,ต้นปี
12,一年の中ごろ,klaaŋ pii,กลางปี
12,一年の終わりごろ,plaay pii,ปลายปี
12,年末,sîn pii,สิ้นปี
12,一年,nɯ̀ŋ pii,หนึ่งปี
12,毎年,thúk pii,ทุกปี
12,何年,kìi pii,กี่ปี
12,西暦,khɔɔ sɔ̌ɔ,ค.ศ.
12,仏曆,phɔɔ sɔ̌ɔ,พ.ศ.
12,季節,rɯ́ʔ duu,ฤดู
12,春,rɯ́ʔ duu bay máay phlìʔ,ฤดูใบไม้ผลิ
12,秋,rɯ́ʔ duu bay máay rûaŋ,ฤดูใบไม้ร่วง
12,夏（暑季）,nâa rɔ́ɔn,หน้าร้อน
12,雨季,nâa fǒn,หน้าฝน
12,冬（寒季）,nâa nǎaw,หน้าหนาว
12,カレンダー,pà tìʔ thin,ปฏิทิน
12,生年月日,wan dɯan pii kə̀ət,วันเดือนปีเกิด
13,ここ,thîi nîi,ที่นี่
13,そこ,thîi nân,ที่นั่น
13,あそこ・向こうの方,thîi nôon,ที่โน่น
13,上・階上,khâaŋ bon,ข้างบน
13,下・階下,khâaŋ lâaŋ,ข้างล่าง
13,下・真下,khâaŋ tây,ข้างใต้
13,横・そば,khâŋ khâŋ,ข้างๆ
13,前・表,khâaŋ nâa,ข้างหน้า
13,後ろ・裏,khâaŋ lǎŋ,ข้างหลัง
13,中,khâaŋ nay,ข้างใน
13,外,khâaŋ nɔ̂ɔk,ข้างนอก
13,右側,khâaŋ khwǎa,ข้างขวา
13,左側,khâaŋ sáay,ข้างซ้าย
13,東,ta wan ʔɔ̀ɔk,ตะวันออก
13,西,ta wan tòk,ตะวันตก
13,南,tâay,ใต้
13,北,nɯ̌a,เหนือ
13,まん中,klaaŋ,กลาง
13,近い,klây,ใกล้
13,遠い,klay,ไกล
13,間,ráʔ wàaŋ,ระหว่าง
14,家族,khrɔ̂ɔp khrua,ครอบครัว
14,お父さん,khun phɔ̂ɔ,คุณพ่อ
14,お母さん,khun mɛ̂ɛ,คุณแม่
14,夫・ご主人,sǎa mii,สามี
14,妻・奥さん,phan rá yaa,ภรรยา
14,息子,lûuk chaay,ลูกชาย
14,娘,lûuk nɔ́ɔŋ,ลูกน้อง
14,おじいさん（父方）,khun pùu,คุณปู่
14,おじいさん（母方）,khun taa,คุณตา
14,おばあさん（父方）,khun yâa,คุณย่า
14,おばあさん（母方）,khun yaay,คุณยาย
14,孫・おい・めい,lǎan,หลาน
14,兄姉,phîi,พี่
14,弟妹,nɔ́ɔŋ,น้อง
14,兄,phîi chaay,พี่ชาย
14,姉,phîi sǎaw,พี่สาว
14,弟,nɔ́ɔŋ chaay,น้องชาย
14,妹,nɔ́ɔŋ sǎaw,น้องสาว
14,兄弟・姉妹,phîi nɔ́ɔŋ,พี่น้อง
14,両親,phɔ̂ɔ mɛ̂ɛ,พ่อแม่
14,自分,tua ʔeeŋ,ตัวเอง
16,Mr.,naay,นาย
16,Mrs.,naaŋ,นาง
16,Miss,naaŋ sǎaw,นางสาว
16,坊や・お嬢さん・私,nǔu,หนู
16,友達,phɯ̂an,เพื่อน
16,先輩,rûn phîi,รุ่นพี่
16,後輩,rûn nɔ́ɔŋ,รุ่นน้อง
16,同僚,rûn diaw kan,รุ่นเดียวกัน
16,他人,khon ʔɯ̀ɯn,คนอื่น
16,子供,dèk,เด็ก
16,大人・目上の人,phûu nây,ผู้ใหณ่
16,先生,ʔaa caan,อาจารย์
16,老人,khon kɛ̀ɛ,คนแก่
16,若者,way rûn,วัยรุ่น
16,未婚の若い女性,sǎaw,สาว
16,婚約者,khûu mân,คู่หมั้น
16,隣家・近所の人,khon khâaŋ bâan,คนข้างบ้าน
16,上司,hǔa nâa,หัวหน้า
16,赤ちゃん,dèk thaa rók,เด็กทารก
16,男・男性,phûu chaay,ผู้ชาย
16,女・女性,phûu yǐŋ,ผู้หญิง
17,目がさめる,tɯ̀ɯn nɔɔn,ตื่นนอน
17,起きる,lúk khɯ̂n,ลุกขึ้น
17,水を浴びる,ʔàap náam,อาบน้ำ
17,顔を洗う,láaŋ nâa,ล้างหน้า
17,歯を磨く,prɛɛŋ fan,แปรงฟัน
17,食事を作る,tham ʔaa hǎan,ทำอาหาร
17,ご飯を食べる,thaan khâaw,ทานข้าว
17,水を飲む,thaan náam,ทานน้ำ
17,新聞を読む,ʔàan nǎŋ sɯ̌ɯ,อ่านหนังสือ
17,トイレに入る,khâw hɔ̂ɔŋ náam,เข้าห้องน้ำ
17,化粧する,tɛ̀ŋ nâa,แต่งหน้า
17,出勤する,pay tham ŋaan,ไปทำงาน
17,車に乗る,khɯ̂n rót,ขึ้นรถ
17,車から降りる,loŋ rót,ลงรถ
17,働く,tham ŋaan,ทำงาน
17,忙しい,yûŋ,ยุ่ง
17,休む,phák,พัก
17,買い物をする,sɯ́ɯ khɔ̌ɔŋ,ซื้อของ
17,帰宅する,klàp bâan,กลับบ้าน
17,寝る,nɔɔn,นอน
17,夢を見る,fǎn,ฝัน
18,する・作る,tham,ทำ
18,立つ,yɯɯn,ยืน
18,座る,náŋ,นั้ง
18,来る,maa,มา
18,行く,pay,ไป
18,入って来る,khâw maa,เข้ามา
18,出て来る,ʔɔ̀ɔk maa,ออกมา
18,入って行く,khâw pay,เข้าไป
18,出て行く,ʔɔ̀ɔk pay,ออกไป
18,見る,duu,ดู
18,見える・見かける,hěn,เห็น
18,聞く,faŋ,ฟัง
18,聞こえる,dây yin,ได้ยิน
18,会う,cəə,เจอ
18,話す,phûut,พูด
18,読む,ʔàan,อ่าน
18,食べる,thaan,ทาน
18,飲む,dɯɯm,ดืม
18,遊ぶ,lên,เล่น
18,待つ,rɔɔ,รอ
18,持っている・ある,mii,มี
19,つかむ・さわる,càp,จับ
19,押す,phlàk,ผลัก
19,引く,dɯŋ,ดึง
19,捨てる,thíŋ,ทิ้ง
19,破る,chìik,ฉีก
19,投げる,khwâaŋ,ขว้าง
19,受ける,ráp,รับ
19,抱く,kɔ̀ɔt,กอด
19,持ち上げる,yók,ยก
19,つまむ・拾う,yìp,หยิบ
19,指す,chíi,ชี้
19,叩く,khɔ́ʔ,เคาะ
19,押さえる,kòt,กด
19,蹴る,tèʔ,เตะ
19,倒れる,lóm,ล้ม
19,踏む,yìap,เหยียบ
19,書く,khǐan,เขียน
19,歩く,dəən,เดิน
19,走る,wîŋ,วิ่ง
19,運ぶ,khǒn,ขน
19,置く,waaŋ,วาง
21,勉強する,rian,เรียน
21,学校,rooŋ rian,โรงเรียน
21,教室,hɔ̂ɔŋ rian,ห้องเรียน
21,出席をとる,khǎan chɯ̂ɯ,ขานชื่อ
21,授業を欠席する,khàat rian,ขาดเรียน
21,遅刻する,maa sǎay,มาสาย
21,授業をさぼる,dòot rian,โดดเรียน
21,授業が終わる,lə̂ək rian,เลิกเรียน
21,教える,sɔ̌ɔn,สอน
21,問う・たずねる,thǎam,ถาม
21,質問,kham thǎam,คำถาม
21,答える,tɔ̀ɔp,ตอบ
21,答え,kham tɔ̀ɔp,คำตอบ
21,難しい,yâak,ยาก
21,やさしい,ŋâay,ง่าย
21,暗唱する,thɔ̂ŋ,ท่อง
21,一生懸命勉強する,tâŋ cay rian,ตั้งใจเรียน
21,家などで勉強する,duu naŋ sɯ̌ɯ,ดูหนังสือ
21,書き写す,khát,คัด
21,テスト（をする）,sɔ̀ɔp,สอบ
21,練習問題,bɛ̀ɛp fɯ̀k hàt,แบบฝึกหัด
22,入学する,khâw rian,เข้าเรียน
22,卒業する,rian còp,เรียนจบ
22,幼稚園,rooŋ rian ʔà núʔ baan,โรงเรียนอนุบาล
22,小学校,rooŋ rian pra thǒm sɯ̀k sǎa,โรงเรียนประถมศึกษา
22,中学校,rooŋ rian mát thá yom sɯ̀k sǎa tɔɔn tôn,โรงเรียนมัธยมศึกษาตอนต้น
22,高等学校,rooŋ rian mát thá yom sɯ̀k sǎa tɔɔn plaay,โรงเรียนมัธยมศึกษาตอนปลาย
22,校長先生,khruu yày,ครูใหญ่
22,生徒,nák rian,นักเรียน
22,学生,nák sɯ̀k sǎa,นักศึกษา
22,宿題,kaan ,การบ็าน
22,復習する,thóp thuan,ทบทวน
22,試験に受かる,sɔ̀ɔp dâay,สอบได้
22,試験に落ちる,sɔ̌ɔy tòk,สอยตก
22,学年,chán rian,ชั้นเรียน
22,進級する,khɯ̂n chán,ขึ้นชั้น
22,留年する,sám chán,ซ้ำชั้น
22,寄宿舎・寮,hɔ̌ɔ phák,หอพัก
22,図書館,hɔ̌ɔ sa mùt,หอสมุด
22,休みになる,pìt thəəm,ปิดเทอม
22,（学習・業務）科,pha nɛ̀ɛk,แผนก
22,学部,khá náʔ,คณะ
23,文学部,khá náʔ ʔàk sɔ̌ɔn sàat,คณะอักษรศาสตร์
23,教育学部,khá ná khá rú sàat,คณะครุศาสตร์
23,人文学部,khá náʔ má nút sàat,คณะมนุษยศาสตร์
23,工学部,khá ná wít sà wá kam sàat,คณะวิศวกรรมศาสตร์
23,経済学部,khá ná sèet thà sàat,คณะเศรษฐศาสตร์
23,社会学部,khá ná sǎŋ khom sàat,คณะสังคมศาสตร์
23,政治学部,khá ná rát thà sàat,คณะรัฐศาสตร์
23,医学部,khá náʔ phɛ̂ɛt tháʔ yáʔ sàat,คณะแพทยศาสตร์
23,農学部,khá náʔ ka sèet tràʔ sàat,คณะเกษตรศาสตร์
23,法律学部,khá ná ní tì sàat,คณะนิติศาสตร์
23,理学部,khá ná wít thá yaa sàat,คณะวิทยาศาสตร์
23,タイ語学科,pha nɛ̀ɛk wí chaa phaa sǎa thay,แผนกวิชาภาษาไทย
23,生協,sa hà kɔɔn,สหกรณ์
23,チュラロンコン大学,cùʔ laa loŋ kɔɔn ma hǎa wít thá yaa lay,จุฬาลงกรณ์มหาวิทยาลัย
23,タマサート大学,ma hǎa wít thá yaa lay tham má sàat,มหาวิทยาลัยธรรมศาสตร์
23,大学,ma hǎa wít thá yaa lay,มหาวิทยาลัย
23,助教授,phûu chûay sàat sàʔ traa caan,ผู้ช่วยศาสตราจารย์
23,准教授,rɔɔŋ sàat sàʔ traa caan,รองศาสตราจารย์
23,教授,sàat sàʔ traa caan,ศาสตราจารย์
23,学部長,khá ná bɔɔ dii,คณบดี
23,学長,ʔà thíʔ kaan bà dii,อธิการบดี
24,ことば・言語,phaa sǎa,ภาษา
24,標準語,phaa sǎa klaaŋ,ภาษากลาง
24,方言,phaa sǎa thɔ́ɔŋ thìn,ภาษาท้องถิ่น
24,外国語,phaa sǎa tàŋ pra thêet,ภาษาต่างประเทศ
24,タイ語,phaa sǎa thay,ภาษาไทย
24,文字,taŋ nǎŋ sɯ̌ɯ,ตังหนังสือ
24,正書法,ʔàk khà ràʔ wíʔ thii,อักขรวิธี
24,母音,sa ràʔ,สระ
24,子音,phá yan chá náʔ,พยัญชนะ
24,発音する,ʔɔ̀ɔk sǐaŋ,ออกเสียง
24,声調,wan ná yúk,วรรณยุกต์
24,音節,phá yaaŋ,พยางค์
24,単語,kham sàp,คำศัพท์
24,辞典・辞書,phót ca naa núʔ krom,พจนานุกรม
24,調べる,khón hǎa,ค้นหา
24,文章,pra yòok,ประโยค
24,文法,way yaa kɔɔn,ไวยากรณ์
24,意味,khwaam mǎay,ความหมาย
24,翻訳する,plɛɛ,แปล
24,会話,sǒn thá naa,สนทนา
24,王族用語,raa chaa sàp,ราชาศัพท์
25,机,tóʔ,โต๊ะ
25,いす,kâw ʔîi,เก้าอี้
25,ひきだし,lín chák,ลิ้นชัก
25,黒板,kra daan dam,กระดานดำ
25,チョーク,chɔ́ɔk,ชอล์ก
25,カバン・ポケット,kra pǎw,กระเป๋า
25,筆入れ,klɔ̀ɔŋ din sɔ̌ɔ,กล่องดินสอ
25,鉛筆,din sɔ̌ɔ,ดินสอ
25,万年筆,pàak kaa mɯ̀k sɯm,ปากกาหมึกซึม
25,インク,mɯ̀k,หมึก
25,ボールペン,pàak kaa lûuk lɯ̂ɯn,ปากกาลูกลื่น
25,シャープペンシル,pàak kaa din sɔ̌ɔ,ปากกาดินสอ
25,消しゴム,yaaŋ lóp,ยางลบ
25,定規,máay ban thát,ไม้บรรทัด
25,はさみ,kan kray,กรรไกร
25,のり,kaaw,กาว
25,ナイフ,mîit,มีด
25,ノート,sa mùt nóot,สมุดโน้ต
25,教科書,nǎŋ sɯ̌ɯ rian,หนังสือเรียน
25,時間割,taa raaŋ sɔ̌ɔn,ตารางสอน
25,紙,kra dàat,กระดาษ
26,生まれる,kə̀ət,เกิด
26,誕生日,wan kə̀ət,วันเกิด
26,育つ・成長する,tə̀əp too,เติบโต
26,老いる,kɛ̀ɛ loŋ,แก่ลง
26,死ぬ・亡くなる,taay sǐa,ตาย(เสีย)
26,結婚する,tɛ̀ŋ ŋaan,แต่งงาน
26,結婚式,ŋaan tɛ̀ŋ ŋaan,งานแต่งงาน
26,独身（の）,sòot,โสด
26,機会,ʔoo kàat,โอกาส
26,離婚する,yàa,หย่า
26,子供を生む,khlɔ̂ɔt lûuk,คลอดลูก
26,貧しい,con,จน
26,金持ちの,ruay,รวย
26,苦労する,lam bàak,ลำบาก
26,泣く,rɔ́ɔŋ hây,ร้องไห้
26,問題,pan hǎa,ปัญหา
26,口げんかをする,tháʔ lɔ́ʔ,ทะเลาะ
26,快適な,sa baay,สบาย
26,笑う,hǔa rɔ́ʔ,หัวเราะ
26,安定した,mân khoŋ,มั่นคง
26,幸せだ,mii khwaam sùk,มีความสุข
27,身体,râaŋ kaay,ร่างกาย
27,皮膚・肌,phǐw nǎŋ,ผิวหนัง
27,額,hǔa,หัว
27,脳,sa mɔ̌ɔŋ,สมอง
27,髪,phǒm,ผม
27,顔,nâa,หน้า
27,額・おでこ,nâa phàak,หน้าผาก
27,眉毛,khíw,คิ้ว
27,目,taa,ตา
27,まつげ,khǒn taa,ขนตา
27,鼻,cà mùuk,จมูก
27,耳,hǔu,หู
27,口,pàak,ปาก
27,舌,lín,ลิ้น
27,歯,fan,ฟัน
27,くちびる,rim fǐi pàak,ริมฝีปาก
27,口ひげ,nùat,หนวด
27,ほおひげ・あごひげ,kraw,เครา
27,もみあげ,cɔɔn,จอน
27,あご,khaaŋ,คาง
27,首・のど,khɔɔ,คอ
28,肩,lày,ไหล่
28,胸,ʔòk,อก
28,腕,khɛ̌ɛn,แขน
28,ひじ,sɔ̀ɔk,ศอก
28,手,mɯɯ,มือ
28,手首,khɔ̂ɔ mɯɯ,ข้อมือ
28,掌,fàa mɯɯ,ฝ่ามือ
28,手の甲,lǎŋ mɯɯ,หลังมือ
28,こぶし,kam mɯɯ,กำมือ
28,指,níw,นิ้ว
28,爪,lép,เล็บ
28,背中,lǎŋ,หลัง
28,骨,kra dùuk,กระดูก
28,中骨,kra dùuk sǎn lǎŋ,กระดูกสันหลัง
28,腹・お腹,thɔ́ɔŋ,ท้อง
28,腰・ウエスト,ʔeew,เอว
28,心臓,hǔa cay,หัวใจ
28,肺,pɔ̀ɔt,ปอด
28,胃,kra phɔ́ʔ ʔaa hǎan,กระเพาะอาหาร
28,血,lɯ̂at,เลือด
28,血管,sên lɯ̂at,เส้นเลือด
29,おしり・ヒップ,sàʔ phôok,สะโพก
29,脚,khǎa,ขา
29,もも,khǎa ʔɔ̀ɔn,ขาอ่อน
29,ひざ,hǔa khàw,หัวเข่า
29,すね,nâa khɛ̂ɛŋ,หน้าแข้ง
29,ふくらはぎ,nɔ̂ɔŋ,น่อง
29,足首,khɔ̂ɔ tháaw,ข้อเท้า
29,足,tháaw,เท้า
29,くるぶし,taa tùm,ตาตุ่ม
29,かかと,sôn tháaw,ส้นเท้า
29,足の裏,fàa tháaw,ฝ่าเท้า
29,足の甲,lǎŋ tháaw,หลังเท้า
29,つま先,plaay tháaw,ปลายเท้า
29,おへそ,sàʔ dɯɯ,สะดือ
29,腸,lam sây,ลำไส้
29,肝臓・レバー,tàp,ตับ
29,腎臓,tay,ไต
29,筋肉,klâam nɯ́a,กล้ามเนื้อ
29,足が長い,khǎa yaaw,ขายาว
29,足が短い,khǎa sân,ขาสั้น
29,ハイヒール,rɔɔŋ tháaw sôn sǔuŋ,รองเท้าส้นสูง
30,皮（皮膚）がむける,phǐw nǎŋ thà lɔ̀ɔk,ผิวหนังถลอก
30,頭がよい,sa mɔ̌ɔŋ dii,สมองดี
30,眉をひそめる,khà mùat khíw,ขมวดคิ้ว
30,口をあける,ʔâa pàak,อ้าปาก
30,目を開く,lɯɯm taa,ลืมตา
30,目をつぶる,làp taa,หลับตา
30,瞬きをする,ka phríp taa,กะพริบตา
30,顔立ち・容貌,nâa taa,หน้าตา
30,鼻をかむ,sàŋ nám mûuk,สั่งน้ำมูก
30,うなずく,phá yák nâa,พยักหน้า
30,髪型,soŋ phǒm,ทรงผม
30,髪を分ける,sɛ̀ɛk phǒm,แสกผม
30,虫歯（になる）,fan phùʔ,ฟันผุ
30,背を曲げる・猫背,lǎŋ ŋɔɔ,หลังงอ
30,神経,sên pra sàat,เส้นประสาท
30,神経がやられる,pra sàat sǐa,ประสาทเสีย
30,腕前,fǐi mɯɯ,ฝีมือ
30,骨が折れる,kra dùuk hàk,กระดูกหัก
30,ウエストが長い（足が短い）,ʔeew yaaw,เอวยาว
30,ふくらはぎが大きい（大根足）,nɔ̂ɔŋ yày,น่องใหญ่
30,出べそ,sà dɯɯ cùn,สะดือจุ่น
31,ひげをたくわえる,wáy nùat,ไว้หนวด
31,そばかす,fâa,ฝ้า
31,ほくろ,fǎy,ไฝ
31,にきび,sǐw,สิว
31,涙,nám taa,น้ำตา
31,汗,ŋɯ̀a,เหงื่อ
31,汗をかく,ŋɯ̀a ʔɔ̀ɔk,เหงื่อออก
31,つば,nám laay,น้ำลาย
31,つばをのみこむ,klɯɯn náam laay,กลืนน้ำลาย
31,（のどが）痛む,cèp khɔɔ,เจ็บคอ
31,小便・オシッコ（をする）,chìi,ฉี่
31,大便・ウンチ（をする）,ʔɯ̀ʔ,อึ
31,オシッコをがまんする,ʔân chìi,อั้นฉี่
31,オナラ（をする）,tòt,ตด
31,鼻水,nám mûuk,น้ำมูก
31,鼻毛,khǒn cà mùuk,ขนจมูก
31,せき（をする）,ʔay,ไอ
31,くしゃみ（をする）,caam,จาม
31,あくび（をする）,hǎaw,หาว
31,げっぷ（をする）,rəə,เรอ
31,息（をする）,hǎay cay,หายใจ
32,体格・からだつき,rûup râaŋ,รูปร่าง
32,健康だ・元気だ,sùk khà phâap dii,สุขภาพดี
32,丈夫な,khɛ̌ŋ rɛɛŋ,แข็งแรง
32,弱い,ʔɔ̀ɔn ʔɛɛ,อ่อนแอ
32,白髪・髪の白い,phǒm ŋɔ̀ɔk,ผมหงอก
32,はげ頭・頭のはげた,hǔa láan,หัวล้าน
32,お腹の出た,phuŋ yày,พุงใหญ่
32,背の高い,tua sǔuŋ,ตัวสูง
32,背が低い,tua tîa,ตัวเตี้ย
32,太っている・太い,ʔûan,อ้วน
32,痩せている・細い,phɔ̌ɔm,ผอม
32,脂肪,khǎy man,ไขมัน
32,でんぷん,pɛ̂ɛŋ,แป้ง
32,タンパク質,proo tiin,โปรตีน
32,血が出る,lɯ̂at ʔɔ̀ɔk,เลือดออก
32,身体障害者,khon phíʔ kaan,คนพิการ
32,顔色,sǐi nâa,สีหน้า
32,（顔が）青白い,nâa sîit,หน้าซีด
32,疲れる・疲れた,nɯ̀ay,เหนื่อย
32,一重まぶた,taa chán diaw,ตาชั้นเดียว
32,二重まぶた,taa sɔ̌ɔŋ chán,ตาสองชั้น
33,かたち,rûup,รูป
33,大きい,yày,ใหญ่
33,小さい,lék,เล็ก
33,多い,mâak,มาก
33,少ない,nɔ́ɔy,น้อย
33,長い,yaaw,ยาว
33,短い,sân,สั้น
33,高い,sǔuŋ,สูง
33,低い,tîa,เตี้ย
33,厚い,nǎa,หนา
33,薄い,baaŋ,บาง
33,狭い,khɛ̂ɛp,แคบ
33,広い,kwâaŋ,กว้าง
33,重い,nàk,หนัก
33,軽い,baw,เบา
33,丸い,klom,กลม
33,三角だ,sǎam lìam,สามเหลี่ยม
33,四角い,sìi lìam,สี่เหลี่ยม
33,鋭い・とがった,lɛ̌ɛm,แหลม
33,こまかい,láʔ ʔìat,ละเอียด
33,粗い,yàap,หยาบ
34,良い,dii,ดี
34,悪い,mây dii,ไม่ดี
34,強い・力,rɛɛŋ,แรง
34,硬い,khɛ̌ŋ,แข็ง
34,弱い・柔らかい・色が薄い,ʔɔ̀ɔn,อ่อน
34,危険な,ʔan tà raay,อันตราย
34,正常な・通常は,pòk kà tìʔ,ปกติ
34,変だ・おかしい,plɛ̀ɛk,แปลก
34,新しい,mày,ใหม่
34,古い,kàw,เก่า
34,同じだ,mɯ̌an,เหมือน
34,違う・異なる,mây mɯ̌an,ไม่เหมือน
34,複雑な,sáp sɔ́ɔn,ซับซ้อน
34,混乱した,sàp sǒn,สับสน
34,深い,lɯ́k,ลึก
34,浅い,tɯ̂ɯn,ตื้น
34,美しい・きれいな,sǔay,สวย
34,かわいい・愛すべき,nâa rák,น่ารัก
34,みっともない,nâa klìat,น่าเกลียด
34,清潔だ,sàʔ ʔàat,สะอาด
34,汚い,sòk kà pròk,สกปรก
35,天候・天気,ʔaa kàat,อากาศ
35,陽光・日差し,dɛ̀ɛt,แดด
35,雲,mêek,เมฆ
35,風,lom,ลม
35,雨,fǒn,ฝน
35,雪,hìʔ máʔ,หิมะ
35,台風,tây fùn,ไต้ฝุ่น
35,霧,mɔ̀ɔk,หมอก
35,ひょう,lûuk hèp,ลูกเห็บ
35,雷が鳴る,fáa rɔ́ɔŋ,ฟ้าร้อง
35,稲光がする,fáa lɛ̂ɛp,ฟ้าแลบ
35,天気予報,phá yaa kɔɔn ʔaa kàat,พยากรณ์อากาศ
35,気温・温度,ʔun hà phuum,อุณหภูมิ
35,あたたかい・あたためる,ʔùn,อุ่น
35,暑い・熱い,rɔ́ɔn,ร้อน
35,涼しい・冷たい,yen,เย็น
35,寒い,nǎaw,หนาว
35,すがすがしい,sòt chɯ̂ɯn,สดชื่น
35,むし暑い,ʔòp ʔâaw,อบอ้าว
35,洪水になる,nám thûam,น้ำท่วม
35,地震,phɛ̀n din wǎy,แผ่นดินไหว
36,地理・地理学,phuu míʔ sàat,ภูมิศาสตร์
36,地図,phɛ̌ɛn thîi,แผนที่
36,山,phuu khǎw,ภูเขา
36,山脈,thɯ̂ak khǎw,เทือกเขา
36,火山,phuu khǎw fay,ภูเขาไฟ
36,川,mɛ̂ɛ náam,แม่น้ำ
36,海,thá lee,ทะเล
36,海岸,chaay tháʔ lee,ชายทะเล
36,湾,ʔàaw,อ่าว
36,波,khlɯ̂ɯn,คลื่น
36,半島,lɛ̌ɛm khâap sa mùt,แหลม คาบสมุทร
36,島,kɔ̀ʔ,เกาะ
36,大陸,thá wîip,ทวีป
36,湖,tháʔ lee sàap,ทะเลสาบ
36,砂漠,thá lee saay,ทะเลทราย
36,滝,nám tòk,น้ำตก
36,田,naa,นา
36,畑,rây,ไร่
36,森・林,pàa,ป่า
36,野原,thûŋ,ทุ่ง
36,温泉,nám phúʔ rɔ́ɔn,น้ำพุร้อน
38,虫,ma lɛɛŋ,แมลง
38,蝶,phǐi sɯ̂a,ผีเสื้อ
38,蜜蜂,phɯ̂ŋ,ผึ้ง
38,ハエ,ma lɛɛŋ wan,แมลงวัน
38,蚊,yuŋ,ยุง
38,ゴキブリ,ma lɛɛŋ sàap,แมลงสาบ
38,アリ,mót,มด
38,セミ,cák càn,จั๊กจั่น
38,トンボ,mɛɛŋ pɔɔ,แมงปอ
38,クモ,mɛɛŋ mum,แมงมุม
38,ムカデ,tàʔ khàap,ตะขาบ
38,ノミ,màt,หมัด
38,タガメ,mɛɛŋ daa,แมงดา
38,サソリ,mɛɛŋ pɔ̀ɔŋ,แมงป่อง
38,クラゲ,mɛɛŋ ka phrun,แมงกะพรุน
38,ヤモリ,cîŋ còk,จิ้งจก
38,カエル,kòp,กบ
38,蛇,ŋuu,งู
38,コブラ,ŋuu hàw,งูเห่า
38,ワニ,cɔɔ ráʔ khêe,จระเข้
38,ワニ園,sǔan cɔɔ ráʔ khêe,สวนจระเข้
39,植物,phɯ̂ɯt,พืช
39,稲・米・ごはん・食事,khâaw,ข้าว
39,麦,khâaw sǎa lii,ข้าวสาลี
39,草,yâa,หญ้า
39,樹木,tôn máay,ต้นไม้
39,松,tôn sǒn,ต้นสน
39,やしの木,tôn máʔ phráaw,ต้นมะพร้าว
39,幸福の木,tôn wâat sa nǎa,ต้นวาสนา
39,蓮,bua,บัว
39,竹,máay phày,ไม้ไผ่
39,枝,kìŋ máay,กิ่งไม้
39,花,dɔ̀ɔk máay,ดอกไม้
39,桜,dɔ̀ɔk saa kùʔ ráʔ,ดอกซากุระ
39,実,lûuk máy,ลูกไม้
39,根,râak,ราก
39,葉,bay máay,ใบไม้
39,植える,plùuk,ปลูก
39,種,má lét,เมล็ด
39,種をまく,wàan má lét,หว่านเมล็ด
39,咲く,baan,บาน
39,とげ,nǎam,หนาม
40,住所,thîi yùu,ที่อยู่
40,家,bâan,บ้าน
40,アパート・マンション,ʔa phâat mén,อพาร์ตเมนต์
40,ビル,tɯ̀k,ตึก
40,スラム,sa lam,สลัม
40,家をさがす,hǎa bâan,หาบ้าน
40,部屋を借りる,châw hɔ̂ɔŋ,เช่าห้อง
40,家主・大家さん,câw khɔ̌ɔŋ bâan,เจ้าของบ้าน
40,家賃,khâa châw bâan,ค่าเช่าบ้าน
40,建てる・建設する,sâaŋ,สร้าง
40,住む,ʔaa sǎy yùu,อาศัยอยู่
40,平屋,bâan chán diaw,บ้านชั้นเดียว
40,二階建て,bâan sɔ̌ɔŋ chán,บ้านสองชั้น
40,屋根,lǎŋ khaa,หลังคา
40,垣根,rúa,รั้ว
40,門・ドア・戸,pra tuu,ประตู
40,柱,sǎw,เสา
40,ベランダ,ráʔ biaŋ,ระเบียง
40,構造,khrooŋ sâaŋ,โครงสร้าง
40,煉瓦,ʔìt,อิฐ
40,庭,sǔan,สวน
41,部屋,hɔ̂ɔŋ,ห้อง
41,書斎,hɔ̂ɔŋ nǎŋ sɯ̌ɯ,ห้องหนังสือ
41,応接室,hɔ̂ɔŋ ráp khɛ̀ɛk,ห้องรับแขก
41,居間,hɔ̂ɔŋ nâŋ lên,ห้องนั่งเล่น
41,台所,hɔ̂ɔŋ khrua,ห้องครัว
41,寝室,hɔ̂ɔŋ nɔɔn,ห้องนอน
41,仏間,hɔ̂ɔŋ phráʔ,ห้องพระ
41,トイレ,hɔ̂ɔŋ náam,ห้องน้ำ
41,浴室,hɔ̂ɔŋ ʔàap náam,ห้องอาบน้ำ
41,物置部屋,hɔ̂ɔŋ kèp khɔ̌ɔŋ,ห้องเก็บของ
41,１階,chán thîi nîi,ชั้นที่หนี่ง
41,２階,chán thîi sɔ̌ɔŋ,ชั้นที่สอง
41,郵便受け,tûu còt mǎay,ตู้จดหมาย
41,窓,nâa tàaŋ,หน้าต่าง
41,天井,phee daan,เพดาน
41,床,phɯ́ɯn,พื้น
41,壁,fǎa hɔ̂ɔŋ,ฝาห้อง
41,階段,kra day,กระได
41,裏口,pra tuu lǎŋ,ประตูหลัง
41,ガラス,kra còk,กระจก
41,カーテン,mâan,ม่าน
42,家具,fəə níʔ cəə,เฟอร์นิเจอร์
42,ベッド,tiaŋ,เตียง
42,マットレス・敷布団,thîi nɔɔn,ที่นอน
42,シーツ,phâa puu thîi nɔɔn,ผ้าปูที่นอน
42,毛布・掛け布団,phâa hòm,ผ้าห่ม
42,枕,mɔ̌ɔn,หมอน
42,じゅうたん,phrom,พรม
42,棚・タンス,tûu,ตู้
42,洋服だんす,tûu sɯ̂a phâa,ตู้เสื้อผ้า
42,本棚,tûu nǎŋ sɯ̌ɯ,ตู้หนังสือ
42,食器棚,tûu wáy caan,ตู้ไว้จาน
42,ソファー,soo faa,โซฟา
42,食卓,tóʔ ʔaa hǎan,โต๊ะอาหาร
42,花瓶,cɛɛ kan,แจกัน
42,目覚まし時計,naa lí kaa plùk,นาฬิกาปลุก
42,灰皿,thîi khìa bùʔ rìi,ที่เขี่ยบุหรี่
42,ござ,sɯ̀a,เสื่อ
42,散らかっている,rók,รก
42,かたづける・しまう,kèp khɔ̌ɔŋ,เก็บของ
42,ほこり,fùn,ฝุ่น
42,仏壇,hîŋ phráʔ,หิ้งพระ
43,主婦,mɛ̂ɛ bâan,แม่บ้าน
43,掃除,tham khwaam sàʔ ʔàat,ทำความสะอาด
43,掃く,kwàat,กวาด
43,磨く,khàt,ขัด
43,拭く,chét,เช็ด
43,床などを拭く・こする,thǔu,ถู
43,皿洗いをする,láaŋ caan,ล้างจาน
43,洗濯する,sák phâa,ซักผ้า
43,粉石鹸,phǒŋ sák fɔ̂ɔk,ผงซักฟอก
43,洗濯物を干す,tàak phâa,ตากผ้า
43,ハンガー,máay khwɛ̌ɛn sɯ̂a,ไม้แขวนเสื้อ
43,懐中電灯,fay chǎay,ไฟฉาย
43,鍵,kun cɛɛ,กุญแจ
43,ハンコ,traa,ตรา
43,修理する,sɔ̂ɔm,ซ่อม
43,かなづち,khɔ́ɔn,ค้อน
43,釘,tàʔ puu,ตะปู
43,のこぎり,lɯ̂ay,เลื่อย
43,ドライバー,khǎy khuaŋ,ไขควง
43,引っ越しする,yáay bâan,ย้ายบ้าน
43,雑巾,phâa khîi ríw,ผ้าขี้ริ้ว
44,電気・あかり,fay fáa,ไฟฟ้า
44,洗濯機,khrɯ̂aŋ sák phâa,เครื่องซักผ้า
44,電気がま,mɔ̂ɔ hǔŋ khâaw,หม้อหุงข้าว
44,扇風機,phót lom,พ้ดลม
44,エアコン,ʔɛɛ,แอร์
44,ラジオ,wít thá yúʔ,วิทยุ
44,テレビ,thoo rá thát,โทรทัศน์
44,ドライヤー,khrɯ̂aŋ pàw phǒm,เครื่องเป่าผม
44,電気スタンド,fay tâŋ tóʔ,ไฟตั้งโต๊ะ
44,電気掃除機,khrɯ̂aŋ dùut fùn,เครื่องดูดฝุ่น
44,冷蔵庫,tûu yen,ตู้เย็น
44,電子レンジ,taw ʔòp may khroo wép,เตาอบไมโครเวฟ
44,テープレコーダー,khrɯ̂aŋ ʔàt sǐaŋ,เครื่องอัดเสียง
44,ビデオ,wii dii ʔoo,วีดีโอ
44,ウォークマン,wɔ̂ɔk mɛɛn,วอล์กแมน
44,コンセント,plák,ปลั๊ก
44,スイッチ,sa wít,สวิตช์
44,乾電池,thàan,ถ่าน
44,電球,lɔ̀ɔt fay,หลอดไฟ
44,蛍光灯,lɔ̀ɔt fay nii ʔɔɔn,หลอดไฟนีออน
44,電気代,khâa fay,ค่าไฟ
46,食器,khrɯ̂aŋ thûay chaam,เครื่องถ้วยชาม
46,皿,caan,จาน
46,どんぶり・深い皿,chaam,ชาม
46,コップ,kɛ̂ɛw,แก้ว
46,カップ・湯呑茶碗,thûay,ถ้วย
46,スプーン,chɔ́ɔn,ช้อน
46,フォーク,sɔ̂ɔm,ส้อม
46,はし,tàʔ kìap,ตะเกียบ
46,ポット,kra tìk náam,กระติกน้ำ
46,なべ・釜,mɔ̂ɔ,หม้อ
46,盆,thàat,ถาด
46,トースター,khrɯ̂aŋ pîŋ khà nǒm paŋ,เครื่องปิ้งขนมปัง
46,包丁,mîit tham khrua,มีดทำครัว
46,まな板,khǐaŋ,เขียง
46,やかん,kaa náam,กาน้ำ
46,フライパン,kra tháʔ,กระทะ
46,ふきん,phâa chét caan,ผ้าเช็ดจาน
46,ようじ,máay cîm fan,ไม้จิ้มฟัน
46,ガスレンジ,taw kɛ́ɛt,เตาแก๊ส
46,臼,khrók,ครก
46,ゴミ箱,thǎŋ khà yàʔ,ถังขยะ
