sent,level
ＸＰの期限切れは、学習に大きな影響を与えると考えている。,3.5
中には、レジを待つ間に読み始めるファンや、１０冊をまとめ買いする人もいました。,3.5
やはり村上春樹さんならではのことだと思います。,3.5
このため、値下げによって客数を３０％増やし黒字化を目指すということです。,3.5
同じように凍結防止剤を多く使っている橋は全体の４分の１に上るということです。,3.5
不適切な発言があったことについておわびしたい。,3.5
五冠を達成した里見香奈さんは、島根県出雲市出身の２１歳。,3.5
物体を１億倍にまで拡大できる顕微鏡を通じて撮影されました。,3.5
犠牲者のほとんどは市民で、けが人の数も２０００人以上に上っています。,3.5
また、日本がホームでワールドカップ出場を決めるのは今回が初めてです。,3.5
特に人気があるのは、一般向けに分かりやすく書かれた書籍です。,3.5
孫が１４人、ひ孫が２５人、やしゃごが１５人います。,3.5
多くは、一般の人たちに科学を説明する立場にあります。,3.5
およそ９キロの区間に植えられているあじさいは青紫色やピンク色などおよそ１万株。,3.5
箱根登山鉄道の線路沿いのあじさいは、７月上旬まで楽しめるということです。,3.5
エンゲルバート氏は今月２日、カリフォルニア州の自宅で亡くなったということです。,3.5
参議院選挙の立候補の受け付けは、午後５時に締め切られました。,3.5
次の大会は再来年の８月、ブラジルのサンパウロで開かれます。,3.5
地図やレジャーシートなどの折り畳み方として実用化されている「ミウラ折り」。,3.5
また、このミウラ折りを応用した飲料用の缶もすでに実用化されています。,3.5
一方、民主党は、結党以来、最も少ない１７議席にとどまり、大敗しました。,3.5
また、自民・公明両党は、合わせて７６議席を獲得しました。,3.5
こうやってじっくり顔を見るのは私も初めてです。,3.5
危険だとは思いながらもつい使ってしまいます。,3.5
また、少なくとも住宅６０棟が倒壊し、多数の車が流されたりしたということです。,3.5
星雲を拡大してみると、中には、いくつもの星があることが分かります。,3.5
一方、４月と６月には、指針の数値を超えた日は無かったということです。,3.5
また、２位は「オカザえもん」、３位は「ことちゃん」でした。,3.5
サングラスをかけ、タクシー運転手の制服に身を包んだストルテンベルグ首相。,3.5
この展示会は、来月２９日まで開かれています。,3.5
このうち杉並区では、住宅２棟が床上まで浸水し、１棟が床下浸水しました。,3.5
三鷹市では、理髪店が床上浸水したほか、住宅２棟が床下浸水しました。,3.5
車庫に住んでいる人もいて、冷房施設もない。,3.5
そして正午の時報とともに、参列者全員で１分間の黙とうをささげました。,3.5
夫に、子どもも孫もみんな丈夫に育ったことを伝えたいと思います。,3.5
そして、花束をささげ、深く頭を下げて、戦没者の霊を慰めていました。,3.5
イチロー選手は、ヘルメットをとって一礼し、大歓声に応えました。,3.5
日本のプロ野球には４０００本安打を達成した選手はいません。,3.5
チームメートになって見えてきたのは、どれだけ必死に練習しているかだ。,3.5
音が静かになったということだが会話も普通にできた。,3.5
例えば地上最速の動物とされるチータは、時速およそ１００キロと言われています。,3.5
世界三大映画祭に作品がノミネート中の監督の引退発表は異例です。,3.5
宮崎監督は今月６日に東京都内で記者会見して引退の理由などを語るということです。,3.5
点数は８０点ぐらいで、まだ改善の余地はあるので最後の詰めをこれからやりたい。,3.5
内容は当日のお楽しみですが、出来には自信を持っています。,3.5
ＪＲ函館駅近くの観光名所、函館朝市では、関係者の間に動揺が広がっていました。,3.5
また、小児科がある病院は２７０２施設で、前の年より３１施設減りました。,3.5
東京電力は「継続的に見ていかないと原因や傾向はわからない」としています。,3.5
講演会とは別に、横浜市では、福島さんの作品を紹介する写真展が開かれています。,3.5
中村さんは原爆症に苦しんだ末、１９６７年に死去。,3.5
バレンティン選手はカリブ海のオランダ領キュラソー島出身の２９歳。,3.5
長距離打者としてのコツを、ものにしたのだと思います。,3.5
バレンティン選手はカリブ海のオランダ領キュラソー島出身の２９歳。,3.5
女性は病院に運ばれ治療を受けていますが、命に別状はないということです。,3.5
「日本酒」も値上がりする可能性があります。,3.5
同２位、オックスフォード大学（英）。,3.5
日本の大学で上位２００位に入ったのは以下の大学です。,3.5
世界選手権の４連覇は男女を通じて史上初めてです。,3.5
接戦でしたが、日本で厳しい戦いをしてきたのでその経験を生かせた。,3.5
ことしのノーベル賞の発表が７日から始まります。,3.5
そして１０日以降も文学賞、平和賞、経済学賞が発表されます。,3.5
それぞれの分野ごとに毎年３人までが受賞し、これまでに８６３人が受賞しています。,3.5
平成に入ると、まず、平成６年に大江健三郎さんが文学賞を受賞しました。,3.5
問題の内容はごく一部しか明らかにされていません。,3.5
例えば営業マンが車で出張した場合に、会社から支払われる経費を問う問題。,3.5
正解は３５円×１４６キロ＝５１１０円に４０００円を足して９１１０円です。,3.5
実験をする研究者は大変だなと思ってきた。,3.5
一方で、ヒッグス粒子は今まで誰も見たことのない性質を持っています。,3.5
店舗の商品の宅配は電話などで受け付け、原則、配達料は無料としています。,3.5
こうした功績が評価されて平成３年には勲四等瑞宝章を受章しています。,3.5
宇宙飛行士の滞在が始まったのは、その２年後の２０００年からです。,3.5
また、国内でも年間４００億円の費用が問題視されています。,3.5
かわいらしい反面、ことばには表現できないくらい芯の強い人でした。,3.5
最後の歌は、多分お千代ねえさんのけじめだったと思う。,3.5
最後まで歌と寄り添えてよかったなと。,3.5
定置網にかかったアカメは、水族館などに提供されているということです。,3.5
作業員は、放射線量を頻繁に監視しながら作業に当たっていました。,3.5
楽天の選手のＭＶＰは、平成２０年の岩隈久志投手以来２人目です。,3.5
哺乳瓶から盛んにミルクを吸う愛くるしい姿が話題を集めています。,3.5
ホワイトライオンの４つ子の赤ちゃんは、近く一般の入園者にも公開される予定です。,3.5
国土地理院が今月４日に行った観測では島の標高は２７メートルでした。,3.5
現在、奨励会に在籍する女性は、２１歳の里見さんを筆頭にわずか６人です。,3.5
ことしのマグロ１本当たりの最高値だということで、去年を大幅に下回りました。,3.5
本田選手はこの日午後からミランの練習施設でチームの練習に参加しました。,3.5
渡辺さんは高校生の時に震災を経験しました。,3.5
同じく開北小学校出身の星和実さんは仙台市内の大学で法律を学んでいます。,3.5
積雪で出入りが難しくなっている家では、市の職員が早速、雪かきをしていました。,3.5
エジプトで、軍の権限を強化する新たな憲法案の是非を問う国民投票が始まりました。,3.5
これは統計が比較できる平成１７年以降では最も多い額です。,3.5
ほかの２人にけがはありませんでした。,3.5
このあと集まった人たちは、全員で「見上げてごらん夜の星を」を合唱しました。,3.5
はじめに２枚の三角縁神獣鏡にレーザー光線を当て、形を精密に計測しました。,3.5
これに光を当てると、鏡の裏の文様が映し出されることが分かったのです。,3.5
しかもしっかりした手法で証明している点は高く評価できる。,3.5
アメリカ、ホワイトハウスのカーニー報道官は、１６日、声明を発表しました。,3.5
目標の値は国の海への放出基準より低く定められています。,3.5
消費税の税率が１日、１７年ぶりに引き上げられ、５％から８％になりました。,3.5
消費税率の引き上げは３％から５％になった平成９年４月以来、１７年ぶりです。,3.5
さらに乗客の女子高校生が「水が入ってくる」と悲鳴を上げていることが分かります。,3.5
国賓として来日したアメリカのオバマ大統領の歓迎式典が２４日皇居で行われました。,3.5
会合のあと日本、中国、韓国の３か国の環境大臣などが共同で記者会見を開きました。,3.5
慣れないところで寝泊まりをして疲れました。,3.5
頑固な性格だが、どこまでもどん欲で、教え甲斐のある選手。,3.5
チケットの払い戻しは２２日から行われるということです。,3.5
初来日コンサートは、３日間にわたり日本武道館で開かれました。,3.5
今後については、情報を収集しながら対応していきたいとしています。,3.5
アメリカやＥＵの参加のもとでロシアと対話する。,3.5
エンジンの排気量は２０００ｃｃで、この車種では従来より小型になりました。,3.5
背景には環境対応への戦略の違いがあります。,3.5
具体的にはまず、二酸化炭素の排出量を減らすためエンジンの排気量を小さくします。,3.5
これは、ＪＲ東日本の冨田哲郎社長が３日の記者会見で明らかにしたものです。,3.5
駅名は未定で、これから検討するとしています。,3.5
現在、西側のほぼ半分を撤去して東側に集約する工事が進められています。,3.5
敷地は１３ヘクタールと広大で、複数の複合高層ビルの建設が想定されています。,3.5
この像は大会期間中の来月２日まで設置されるということです。,3.5
原案は９日公表され、今月下旬にも正式に決定される予定です。,3.5
そして、「絶滅の危険が増大している」とされるカテゴリーが続きます。,3.5
このうち「オトナロイド」は、操る人がマイクに向かって話したとおりに話をします。,3.5
日本科学未来館の科学コミュニケーターとして働かせていただきます。,3.5
このうち２３区には１１４の温泉施設があります。,3.5
この「田んぼアート」の見頃は、来月中旬ごろまでだということです。,3.5
警察は、脱法ドラッグを使用していないかや入手経路などを詳しく調べています。,3.5
この特別展は１１月３日まで開かれています。,3.5
また、ミャンマーの天然ウナギの多くはすでに中国に輸出されています。,3.5
日本の食文化に欠かせないウナギを確保する新天地となるのか、挑戦が続きます。,3.5
クマは７１歳の男性を襲い、男性は頭や肩などを爪でひっかかれて大けがをしました。,3.5
広島ではこのあと平和について考える集会なども開かれます。,3.5
最も大きなものは１．２カラットあり、鮮やかな赤色に輝いています。,3.5
面接は１９日も行われ、その場で内定を出す企業もあるということです。,3.5
企画展が開かれているのは、東京・港区にあるＮＨＫ放送博物館です。,3.5
企画展の会場には、当時の資料を基に再現した放送ブースなどが展示されています。,3.5
また、マイクに向かって話す花子の映像も残されています。,3.5
花子は１週間交代で、およそ１０年にわたって番組を担当しました。,3.5
会場では、当時、放送されたニュースをまとめた本の一部も展示されています。,3.5
花子は、子どもたちに夢や勇気を届けようと心がけていたといいます。,3.5
花子は太平洋戦争が始まる１９４１年、番組を降板しました。,3.5
この企画展は９月２８日まで開かれています。,3.5
このツアーは、今月３０日まで毎晩開かれます。,3.5
まず、このマウスを箱の中に入れ、電気刺激を与えて怖いと感じる体験をさせます。,3.5
先月は、西日本で記録的な大雨や日照不足となり、各地で猛烈な雨が観測されました。,3.5
北海道のほぼ中央にある大雪山系の山々では、早くも紅葉が見頃を迎えています。,3.5
目の前には困難が待ち構えている。,3.5
死亡した子どもは去年より１人少ない１０人でした。,3.5
行方が分からないと知って本当に驚きましたし、心配しています。,3.5
お母さんからは本人は登山をとても楽しみにしていたと聞いています。,3.5
これは、１日開かれた厚生労働省の専門家会議で報告されたものです。,3.5
世界大学ランキングで、上位の１０大学は以下のとおりです。,3.5
東京工業大学１４１位（去年１２５位）。,3.5
東北大学１６５位（去年１５０位）。,3.5
国内で次に皆既月食が観測できるのは、来年４月４日です。,3.5
スケートの相談などもさせてもらい、助けられたことも何度もありました。,3.5
この展示会は今月１７日まで東京ビッグサイトで開かれています。,3.5
現在、エボラ出血熱に有効な治療薬や予防のためのワクチンはありません。,3.5
患者に接する医療従事者を除けば、基本的に一般の人が心配する必要はない。,3.5
愛する家族を失った方々や被災者の心の傷は癒えていない。,3.5
また、北海道旭川市では氷点下０度９分まで下がり、初氷を観測しました。,3.5
文部科学省は年間、３０日以上学校を休んだ児童・生徒について調べています。,3.5
前の年度より７０００人近く多く、６年ぶりに増加しました。,3.5
高橋選手はむち打ちのような状態になって４位に終わりました。,3.5
ことしは、岩手県をはじめ、北海道から福岡県までおよそ２４０人が参加しました。,3.5
また７０歳以上の高齢者も肺炎などを起こしやすくなる。,3.5
これはオバマ政権が２００９年に打ち出した目標をさらに強化する内容です。,3.5
中国が２０３０年という具体的な時期を示すのは今回が初めてです。,3.5
この展示会は今月１８日まで、東京・渋谷区の「渋谷ヒカリエ」で開かれています。,3.5
東京都内はすべてトンネルとなります。,3.5
上り、下りそれぞれ１時間に５本程度運行するとしています。,3.5
「ササラ電車」の出動は、去年より１５日早いということです。,3.5
料理人の見事な包丁技に会場からは大きな歓声が上がっていました。,3.5
ＩＵＣＮによるレッドリストの発表は５０年前に始まりました。,3.5
すい星の表面からは、有機物が検出されたということです。,3.5
さらに、通算勝率は７割２分３厘で、史上最も高い勝率での達成です。,3.5
通算１３００勝を達成している棋士はこれまでに３人います。,3.5
プロの棋士となってから４５年７か月での達成でした。,3.5
政府は午前９時すぎから閣議を開き、衆議院を解散することを閣議決定しました。,3.5
マスコットは現地時間の２４日に一般にお披露目されることになっています。,3.5
また街の入り口には検問所が設けられ、警察官が人の出入りを厳しく監視しています。,3.5
噴煙は午後になって高さ７００メートルほどで推移しているということです。,3.5
また、政府は総理大臣官邸の危機管理センターに情報連絡室を設置しました。,3.5
男子生徒は父親が死亡したことをきっかけに保護されました。,3.5
「初詣」は、正月に神社や寺へ行って、お参りをする（＝神や仏に祈る）ことです。,3.5
神社や寺でお参りのしかたが違うことがあります。,3.5
前の年と新しい年の２年、お参りをするからです。,3.5
初詣に行く人が日本でいちばん多い神社は、東京にある明治神宮です。,3.5
この望遠鏡を使って、候補となる星を絞り込もうというのです。,3.5
京都の下鴨神社で新春恒例の「蹴まりはじめ」が行われました。,3.5
訓練の時も教官から『君の操縦技術は素晴らしい』と言われ、自信を持っている。,3.5
油井宇宙飛行士は、今回が初めての宇宙飛行となります。,3.5
サイの角は、ベトナムや中国でがんに効くなどとして高値で売買されています。,3.5
いかなる理由であれ、卑劣なテロは決して許すことはできず、強く非難する。,3.5
まずは開幕１軍入りをして、チームの優勝にも貢献できるようになりたい。,3.5
また、パリの郊外にある日本人学校では、事件当日の７日から３学期が始まりました。,3.5
一連の被害が同じ象によるものかは分かっていないということです。,3.5
逮捕されたのは、販売員の浦川真弥容疑者（４３）です。,3.5
この映像の信ぴょう性については、まだ分かっていません。,3.5
手軽に立体物を作り出す「３Ｄプリンター」。,3.5
最新の技術で変わろうとする、思い出の新しい残し方とはどんなものでしょうか。,3.5
まず、専用のカメラでさまざまな角度から全身を撮影。,3.5
そして、石こうの粉に特殊なインクを吹きつけて固め、体の形を作っていきます。,3.5
データ処理に手間がかかるため、完成までにおよそ１か月かかります。,3.5
今回、長男の旺佑くんを前向きでだっこして撮影に臨みました。,3.5
その後、待ちに待ったフィギュアが自宅に届きました。,3.5
市場では今回の理事会で、量的緩和の導入に踏み切るという見方が強まっていました。,3.5
この中で焦点となるのは、原発の割合をどの程度にするかです。,3.5
白鵬は優勝回数で大鵬を抜き、単独で歴代最多となりました。,3.5
力士だった人は取り直しの重みを知っているはず。,3.5
パイロットには、より短い時間しか残されていない。,3.5
ショットもパワー、速さ、鋭さがあり、踏み込んで打つことができなかった。,3.5
現在は２７の路線を運航しています。,3.5
秩父神社の伝統の節分行事「鬼やらい」は、２月３日の午後７時半から行われます。,3.5
ご家族のご心痛を思えば、ことばもない。,3.5
このような結果になり、本当に残念でならない。,3.5
その罪を償わせるため、国際社会と連携していく。,3.5
中東への食糧、医療などの人道支援をさらに拡大していく。,3.5
『誰がいい、誰が悪い』と差別せず、すべての方々をおまつりしている。,3.5
冬の札幌を彩る「さっぽろ雪まつり」が５日、開幕しました。,3.5
「かまくら」はおよそ４００年の歴史がある小正月の伝統行事です。,3.5
海の底から顔をのぞかせる姿が人気のウナギの仲間、チンアナゴとニシキアナゴ。,3.5
これらの卵の一部はふ化にも成功しましたが、大きく育つことはありませんでした。,3.5
産卵行動の撮影に成功したのは、いずれも夜間、水槽の照明を消したあとでした。,3.5
その直後に、近くにいたオスも体の多くの部分を突き出して精子を放出しました。,3.5
水族館の人気者で、自分も愛情を注いでいる魚が卵を産んだことは本当にうれしい。,3.5
併設する土産物店にぬいぐるみを置くなどして集客をはかる施設もあります。,3.5
職員の１人は「仕事を効率的にしようというきっかけになる」と話していました。,3.5
この展示会は５月６日まで開かれています。,3.5
今回の検定で倍増した領土に関する記述。,3.5
この７０年で、若者を中心に原爆投下への見方が大きく変化したことが分かります。,3.5
内装はすっきりしていてちょうどよいと思います。,3.5
富士吉田市の新倉山浅間公園の桜は、今週いっぱい楽しめるということです。,3.5
これは、ＪＡＸＡが２０日開かれた国の宇宙政策委員会で明らかにしたものです。,3.5
その１つは地方での通訳案内士の不足です。,3.5
急増するアジアからの観光客の需要に、どう応えて行くかが課題となっています。,3.5
去年の案内士の合格率は２２．７％。,3.5
最近、増加が目立つのが海外からクルーズ船で訪れる外国人たち。,3.5
鹿児島県では、特区の制度を使って、地元の通訳ガイドが２６人誕生しました。,3.5
これまでに犯行声明のようなものは見つかっていないということです。,3.5
そして、強力なドリルを使って貸金庫の壁に穴を開けて侵入したとしています。,3.5
チリでは先月３日にも南部にある別の火山で大規模な噴火が起きています。,3.5
そして見事に的を射ぬくと、見物客から大きな拍手が送られていました。,3.5
その直後に地面が横にぐわーっと揺れて地震と気付いた。,3.5
「熱乃湯」は２９日にオープンします。,3.5
みずからの行いがアジア諸国民に苦しみを与えた事実から目を背けてはならない。,3.5
そのためにこそ、日米同盟を強くしなくてはならない。,3.5
日本は世界の平和と安定のため、これまで以上に責任を果たしていくと決意している。,3.5
日米間の交渉は、出口がすぐそこに見えている。,3.5
アメリカが世界に与える最良の資産は、昔も今も将来も希望だ。,3.5
アメリカと日本が力を合わせ、世界をもっとはるかによい場所にしていこう。,3.5
赤ちゃんは、体長４７センチ、体重２８００グラムの雄です。,3.5
幸い、けがをした人はなく、クマの親子も無事、森に帰ったということです。,3.5
ネパール料理は、今月末まで販売されることになっています。,3.5
厚生労働省は来週、全国の労働局に通達を出して運用を始めることにしています。,3.5
浅田真央選手は、名古屋市出身の２４歳。,3.5
地上には２機が着陸していて、残りの１機が事故を起こしたと分かった。,3.5
女性では、おうし座（１２．１％）、みずがめ座、おとめ座（９．９％）でした。,3.5
そして、直径１０メートルに及ぶ口を開いた巨大なパックマンの形を完成させました。,3.5
この調査は厚生労働省の専門家による委員会で報告されました。,3.5
また、８種類の液体からは微量のニコチンが検出されたということです。,3.5
黒沢清監督は神戸市の生まれで５９歳。,3.5
警察は、火災の発生から１週間たった２４日も、消防と合同で現場検証を行いました。,3.5
ネパールで起きた大地震から２５日で１か月になります。,3.5
中国で、日本の「ドラえもん」の映画が、２８日から上映されることになりました。,3.5
警察は催しの関係者から事情を聴くなどして当時の状況を調べています。,3.5
少し緊張はあるが、すごく楽しみだ。,3.5
離着陸時のトラブルは国内でもたびたび起きています。,3.5
東京・文京区の大手印刷会社もこうしたゴーグルを作った企業の１つ。,3.5
こうしたバーチャルリアリティーを防災に役立てようという試みも始まっています。,3.5
水位が高くなる方向を向くと警告が表示されるようにもなっています。,3.5
中国の長江で客船が転覆する事故が起きてから８日で１週間となりました。,3.5
また、２人はベッドに衣類を詰め込んで寝ているように見せかけていました。,3.5
東京と金沢を結ぶ北陸新幹線が開業してから１４日で３か月です。,3.5
ヘメロカリスの花は、今月２０日ごろまで楽しめるということです。,3.5
その４年後に無事見つかり、現在はスコットランド国立美術館に展示されています。,3.5
大儀見選手は今大会、初ゴールです。,3.5
このため選挙権年齢の引き下げは来年夏の参議院選挙から適用される見通しです。,3.5
国内最大規模のおもちゃの展示会が１８日から始まりました。,3.5
現在、すべての住民は島の外へ避難しています。,3.5
料金は月額３００円からで、月額１０００円で時間無制限の聴き放題になります。,3.5
「父の日」に動物園が企画し、二家族のお父さんが選ばれました。,3.5
「オセロ」は飼育員の合図に合わせて前足で交互に背中を踏みました。,3.5
もう１つは、日本のサクラと韓国を象徴するムクゲが大きくあしらわれています。,3.5
追加種目は、来年８月にリオデジャネイロで行われるＩＯＣ総会で決まります。,3.5
第２段階に進めたことを感謝したい。,3.5
われわれは多くの戦略的利益を共有している。,3.5
そして、２２日の午後７時すぎ死んだということです。,3.5
ゴールを決められたらよかったが、次に頑張りたい。,3.5
今回の決定で日本の世界遺産は文化遺産と自然遺産で合わせて１９件となります。,3.5
新基準のもとで、再稼働に向けて原子炉に燃料が入れられるのは初めてです。,3.5
原子炉に核燃料が入ると、再稼働に向けた準備は最終段階に入ります。,3.5
「ＢＷＲ＝沸騰水型」と呼ばれる福島第一原発と同じタイプが８原発１０基です。,3.5
アメリカの富裕層が主な読者ですが、世界的に影響力があるとされています。,3.5
「ニューホライズンズ」がこれほど鮮明な画像を地球に届けるのは初めてです。,3.5
小学校のときに見て私がこの年になってもまだ続いてるのはすごいことだと思います。,3.5
また、同時受賞となった羽田圭介さんは東京都出身の２９歳。,3.5
直木賞は初めての候補で受賞となりました。,3.5
上野動物園が、今回の人工授精の準備を始めたのは、ことし５月でした。,3.5
そして精液が入った管を液体窒素が入った容器に入れ、冷凍保存されました。,3.5
しかし、その後は繁殖に成功しない時期が続きました。,3.5
インドの教育と医療を合わせた年間の予算規模に匹敵します。,3.5
大学は、この写本をことし１０月に一般に公開することにしています。,3.5
東京オリンピックは２０２０年７月２４日に開幕し、８月９日まで行われます。,3.5
夏になって気温が高くなると、「熱中症」になる人が多くなります。,3.5
ひどいときは、亡くなることもあります。,3.5
暑い日に外に出るときは、涼しくて汗を吸いやすい服を着るようにしてください。,3.5
亡くなった人の約８０％が家の中で熱中症になっていたというデータがあります。,3.5
ひどいときは、すぐに病院に連れて行きましょう。,3.5
ベビーカーに乗っている赤ちゃんはもっと地面に近いため、気をつけてください。,3.5
子どもやお年寄りには、家族などが気をつけて水などを飲ませるようにしましょう。,3.5
ＮＡＳＡは２４日、新たに届いた複数の画像を公開しました。,3.5
ただ、訓練では、実際に水をまくことまではしないということです。,3.5
そのうえでファン首相は「完全な終息まで必要な対策を続ける」と述べました。,3.5
女性と男性の平均寿命の差は６．３３歳でおととしより０．０７歳縮まりました。,3.5
分からないことがあるとすぐ調べ、新しい知識が入ってくるとわくわくします。,3.5
投票の結果、北京が開催都市に選ばれました。,3.5
性格はまじめで責任感が強く、同僚からの信頼も厚かったということです。,3.5
旅客船には避難のための設備の設置が義務づけられています。,3.5
救命いかだはゴムボートで海上に投下すると自動的に膨らむ仕組みになっています。,3.5
対象となるのは、気象庁が２４時間態勢で監視している全国４７の活火山です。,3.5
節目の年に甲子園で野球ができることを誇りに思います。,3.5
大会は休養日を含めて６日から１５日間の日程で行われます。,3.5
日南市でのアカウミガメの卵のふ化は１０月上旬まで続くということです。,3.5
一方、暑さ以外にも異常気象とみられる現象が世界各地で確認されています。,3.5
事故が起きた当時自分は高校１年生でした。,3.5
前回は７回忌のときに一度登ろうとしたが途中で断念してしまいずっと心残りだった。,3.5
けがの程度は、分かっていません。,3.5
日本では最近、一度にたくさんの雨が強く降ることが多くなりました。,3.5
土砂災害は山などが崩れて起きる災害です。,3.5
いつもと違う様子を見つけたら、すぐに安全な場所に避難しましょう。,3.5
もっと大きな災害になりそうな場合は「大雨警報」を出します。,3.5
「避難準備情報」が出たら、いつでもすぐ避難できるように準備をしてください。,3.5
「避難勧告」が出たら、決められている場所や安全な場所に早く避難してください。,3.5
県や市などのウェブサイトでも見ることができます。,3.5
竜巻や雷は、季節に関係なく、いろいろな所で起きます。,3.5
雷は、夏に人や建物などに落ちる被害が多くなります。,3.5
積乱雲という雲が大きくなると、竜巻や突風、雷が起きやすくなります。,3.5
このようなときには、できるだけ早く避難しましょう。,3.5
割れたガラスなどが部屋の中に飛んでくることがあります。,3.5
このため、部屋にある電化製品や壁から１ｍ以上遠い場所にいてください。,3.5
雷は木や電柱などの高い物に落ちやすいため、とても危険です。,3.5
前の年からの伸び率は０．８％と小幅にとどまりました。,3.5
しかし、爆発から４日がたっても原因は明らかになっていません。,3.5
注文用の端末を別に用意しないですむため、安い費用で導入できるということです。,3.5
またＨＩＳもほとんどの旅行客について、無事を確認したということです。,3.5
これらの商品は来月１日から店頭で展示・販売されるということです。,3.5
利用者は、この２年で２００人に増えました。,3.5
テストの結果は２６日までに各地の教育委員会や学校に伝えられます。,3.5
ただ、３年前は抽出調査で、全員が対象となったのは今回が初めてです。,3.5
正しく答えられたのは２９．２％でした。,3.5
子どもたちは浮かび上がる幻想的な光の模様に大きな歓声を上げていました。,3.5
勝敗を分けるのは、幅広い理科の知識と発想力。,3.5
ワタボウシパンシェは、帽子をかぶったように見える頭の白くて長い毛が特徴です。,3.5
一般公開は来月の下旬ごろから始める予定です。,3.5
現在の展望台も引き続き利用できるということです。,3.5
金井さんは、東京都出身の３８歳。,3.5
このうち東京・池袋のホテルでは利用客など４００人を超える集団感染が発生。,3.5
このゴジラの砂の像は来月２７日まで展示されています。,3.5
これは、不動産大手の三菱地所が記者会見して明らかにしたものです。,3.5
海外の企業も進出しやすい国際的なビジネス拠点づくりの計画が進められています。,3.5
若者文化の発信地として発展してきた渋谷の街も再開発が進んでいます。,3.5
歴代のアイボを購入し、今では１７体のアイボと暮らしています。,3.5
予測地図をまとめたのは名古屋大学の廣井悠准教授です。,3.5
そのデータをタブレット端末に送ります。,3.5
設定の範囲内なら「ＯＫ」、範囲に入っていなければ、「ＮＧ」と表示されます。,3.5
この際、多くの難民が頼りにしているのがスマートフォンです。,3.5
しかし、その後、確認を進めた結果、このうちの３人と連絡が取れたということです。,3.5
これは１４日、「アスルクラロ沼津」が発表しました。,3.5
熊本県の阿蘇山は、１４日、中岳第一火口から噴火しました。,3.5
それを予定どおり、安全に開業させることに全力を挙げたい。,3.5
全国の鉄道各社では、関西のＪＲや私鉄などがすでに同じような対応を取っています。,3.5
ウィンターコルン氏は、２００７年からフォルクスワーゲンの会長を務めていました。,3.5
北海道では、去年はゼロでしたが、おととしは男性２人が死亡しています。,3.5
北海道の最高峰、大雪山系の旭岳で２９日午前、初冠雪が観測されました。,3.5
旭岳の初冠雪は平年より４日、去年より１３日遅くなっています。,3.5
これは、去年１年間の２倍を超えています。,3.5
「菊水湯」の建物は取り壊され、アパートに建て替えられることになっています。,3.5
この「世界で最も大きいランの花」は今月中頃まで楽しめるということです。,3.5
乗客たちはその後、別の便で目的地のボストンに到着したということです。,3.5
それによりますと、副総理兼財務大臣、金融担当大臣に麻生太郎氏が留任。,3.5
法務大臣に自民党の参議院議員副会長の岩城光英氏。,3.5
文部科学大臣に元文部科学副大臣の馳浩氏。,3.5
農林水産大臣に自民党のＴＰＰ対策委員長の森山裕氏。,3.5
国土交通大臣に公明党の政務調査会長の石井啓一氏。,3.5
復興大臣に元国土交通副大臣の高木毅氏。,3.5
沖縄・北方担当大臣兼科学技術担当大臣に参議院環境委員長の島尻安伊子氏。,3.5
新設した一億総活躍担当大臣に、官房副長官の加藤勝信氏。,3.5
地方創生担当大臣に石破茂氏が留任。,3.5
その後、改造内閣の初めての閣議が午後７時１５分から行われる予定です。,3.5
この砂の像はことし１２月末まで展示されることになっています。,3.5
また、「太平洋くろまぐろ」は１１年目に撤廃されます。,3.5
このほか、「マーガリン」は６年目、「はちみつ」は８年目に関税が撤廃されます。,3.5
ひまわりは高さ５０センチほどまでに伸び、日の光を浴びて秋の風に揺れています。,3.5
まず、女性の自宅に、公的な機関を名乗る人物から電話がありました。,3.5
消費者庁はマイナンバーについて電話や訪問で聞き出すことはありません。,3.5
今月８日に行われた体操には、６４歳から９１歳まで２５人が参加しました。,3.5
北海道釧路市の阿寒湖で、ワカサギ漁が最盛期を迎えています。,3.5
阿寒湖のワカサギ漁は、来月初めまで続きます。,3.5
ビーズは天然石などと組み合わせてネックレスやイヤリングに仕上げ、販売されます。,3.5
高垣さんはビーズを１つ２円から３円で買い取ります。,3.5
その改良型のそりが完成し、１５日東京・大田区で公開しました。,3.5
その後、徐々に原子炉の出力を高め、来月中旬に営業運転を始める計画です。,3.5
「イケメンゴリラ」として人気を集め、今月、写真集も販売されました。,3.5
「堂入り」を終えたのは戦後１３人目で、平成１９年以来８年ぶりです。,3.5
同じ９月にはゲーム機のソフト「スーパーマリオブラザーズ」が発売されました。,3.5
プロ野球では阪神タイガースが日本一に輝き、ファンを沸かせました。,3.5
これは、率にして２５％余りの大幅な増加です。,3.5
このたまねぎは、会員制の食品通販サイトなどで数量限定で販売されます。,3.5
小学校では調査を始めた昭和６０年度以降で最も多くなっています。,3.5
教育委員会や学校のアンテナを高くして、早期発見、早期対応を心がけてほしい。,3.5
東京モーターショーは２９日開幕し、３０日から来月８日まで一般に公開されます。,3.5
これは北海道が、２８日午後１１時から緊急に記者会見して明らかにしたものです。,3.5
年賀はがきの受付は１２月１５日に始まります。,3.5
建物はほぼ完成し、現在は内装や水道の配管工事などが行われています。,3.5
かばんなどで頭を守りながら、安全な場所に行きましょう。,3.5
大きな地震が起こったら、電車やバスなどが止まることがあります。,3.5
テレビやラジオなどで正しい情報を集めて、安全かどうか調べてから帰りましょう。,3.5
「１７１」に電話をすると、伝言を録音したり、聞いたりすることができます。,3.5
地震が起こる前に、使い方を調べておきましょう。,3.5
地震はいつ、どこで起こるかわかりません。,3.5
大きな地震が起こると、いつもと同じ生活ができなくなるかもしれません。,3.5
道が通れなくなって、スーパーなどの店に品物が来なくなることがあります。,3.5
水は１日に１人２Ｌぐらい必要だと言われています。,3.5
家族にお年寄りや赤ちゃんがいる場合は、必要な物も準備しておきましょう。,3.5
地震で家が壊れないようにしておくことはとても大切です。,3.5
特に、１９８１年より前に建てた家は建物の強さが十分ではないかもしれません。,3.5
専門家に調べてもらって、必要があったら建物を強くする工事をしてください。,3.5
家の中が安全かどうか、もう一度チェックしましょう。,3.5
津波は、海の底で大きな地震があると、来る可能性があります。,3.5
津波は、川を逆流して海から遠い場所まで来ることがあります。,3.5
津波には、とても強い力があります。,3.5
また、津波が来るスピードはとても速いです。,3.5
津波の警報や注意報が出ているときは、安全な場所にいてください。,3.5
そのために、どこに避難するか、どの道を通って避難するか決めておきましょう。,3.5
警視庁は「交通ルールやマナーを守って楽しんでほしい」としています。,3.5
ことし７月からは油井亀美也さんが、５か月間の長期滞在を行っています。,3.5
核の廃絶を目指すようなテーマパークになっていくのではないかという印象を受けた。,3.5
ただ、生活は続いていますし、やめるわけにもいきません。,3.5
単位は万人、△はプラス、▲はマイナス。,3.5
ロシアとトルコの２国間関係に深刻な影響を与えるだろう。,3.5
事態がエスカレートすることは避けなければならない。,3.5
気象台は、落雪や雪崩、それに路面の凍結などに注意するよう呼びかけています。,3.5
攻撃機の機器が故障し、爆撃禁止のリストも確認しなかったことは衝撃だ。,3.5
寒い冬を前に兵庫県姫路市の動物園ではカピバラの露天風呂が設けられました。,3.5
カピバラはネズミの仲間で、南アメリカ大陸のアマゾン川流域に生息しています。,3.5
この「カピバラ温泉」は来年３月下旬まで設置されます。,3.5
ＣＯＰに各国の首脳が集まるのは６年ぶりのことで、合意への期待が高まっています。,3.5
水木さんは大正１１年に大阪で生まれ、鳥取県の境港市で育ちました。,3.5
水木さんは３０日午前７時ごろ心不全のため東京都内の病院で亡くなりました。,3.5
特に車の色が暗い場合は、ライトを点灯していないとさらに見えにくくなっています。,3.5
津軽鉄道のストーブ列車は、１日から来年３月３１日まで、毎日運行されます。,3.5
泡が出るタイプのハンドソープなどで洗うことができる設計になっています。,3.5
「ジャパニーズウイスキー」は、その名のとおり日本で生産されたウイスキーです。,3.5
「スーパーフード」は、栄養面に特に優れ、健康や美容によいとされる自然食品です。,3.5
「のどぐろ」は、北陸や山陰などで高級魚として扱われるアカムツの別名です。,3.5
このうち埼玉県鶴ヶ島市は、市ぐるみで応募作品を選ぶ取り組みを行いました。,3.5
一部の日系企業は、在宅勤務や勤務時間の短縮などの対応を取っています。,3.5
将来に向けて大きな期待を持っています。,3.5
公表されたのは２つのグループの案です。,3.5
上限が１５５０億円と設定されている総工費は、１４８９億円余りです。,3.5
自分のスケートを向上させて磨いていくことが大切。,3.5
羽生結弦選手が帰国した羽田空港では、大勢のファンが待ち受けました。,3.5
最高の演技を見ることができました。,3.5
ダンボールで作られたことから“ダンボルギーニ”と名付けられました。,3.5
一方で、島に帰れない住民もいます。,3.5
日本では、お正月を迎えるためにいろいろな準備をします。,3.5
「しめ飾り」はわらでできていて、家の入り口などに付けます。,3.5
お正月の間、この鏡餅の中に、家に来た神様が入っていると考えられています。,3.5
神様の力を体の中に入れて、病気にならないように祈るという意味があります。,3.5
神社や寺の大掃除は、「すす払い」と呼ばれています。,3.5
そのあと、大きなうちわの風でほこりを外に出しました。,3.5
日本では１２月３１日に多くの人が「そば（＝そばの実から作る麺）」を食べます。,3.5
多くの人が年越しそばを食べるようになったのは、江戸時代からだと言われています。,3.5
北海道は日本でいちばん多くそばの実を育てています。,3.5
大みそかの夜１２時の前と後にお参りをすることを「二年参り」と言います。,3.5
初詣に行く人が日本でいちばん多い神社は、東京にある明治神宮です。,3.5
「年賀状」は、新しい年のあいさつのために送るはがきで、１月１日の朝に届きます。,3.5
年賀状に自分や家族などの写真をプリントする人もいます。,3.5
日本には、昔から続いているお正月の遊びがあります。,3.5
こまが回る時間の長さを比べたり、こまとこまをぶつけたりして遊びます。,3.5
「福笑い」は頭にタオルなどを巻いて目が見えないようにして遊びます。,3.5
何も見えないので、変な所に口などを置くため、みんなで笑って楽しみます。,3.5
こうしたなか、ことしは日本でも地球外生命の探査に向けた動きが本格化します。,3.5
インフルエンザの全国的な流行入りが今シーズンは遅くなっています。,3.5
このところの暖かさで、兵庫県北部にあるスキー場は雪不足に悩まされています。,3.5
このときも東京消防庁のヘリで９４人を救助したということです。,3.5
東日本大震災が起きた当時、中学３年生だった若者の多くがことし新成人になります。,3.5
はじめに参加者全員で、震災の犠牲者を悼んで黙とうをささげました。,3.5
よりよい陸前高田市を受け継ぐことが私たちの使命です。,3.5
両親には立派に成人を迎えられたと伝えたい。,3.5
新成人の中には震災で家族を亡くした人も多くいます。,3.5
芙美さんの思い出とともに過ごしてきた小林さん。,3.5
成人式に着ていく振り袖は、この日のために両親が購入してくれました。,3.5
宮城県気仙沼市本吉町の松本裕生さん（１９）です。,3.5
遺影のそばには父があの日も身につけていた形見の腕時計が飾られています。,3.5
松本さんはこの時計をつけて成人式に向かいました。,3.5
こうした”空港型免税店”を市街地で開業しようという動きが相次いでいます。,3.5
去年の販売実績は当初計画のおよそ１．６倍の３２４万ケースを販売しました。,3.5
このプロジェクトがスタートしたのは５年前の平成２３年です。,3.5
たくさんの人が懸命に努力し、長い道のりだった。,3.5
日本は、原油の輸入量の１割以上をイランに依存してきました。,3.5
なんとか駅に来れば電車に乗れるかと思ったが甘かったです。,3.5
運営会社は落雪によるものと判断したということです。,3.5
その結果、がん患者全体の１０年後の相対生存率は５８．２％でした。,3.5
救出劇を見守った人たちからは拍手と歓声が上がっていました。,3.5
春から夏にかけ患者数が増える傾向があるので今後、注意が必要だ。,3.5
琴奨菊は福岡県柳川市出身の３１歳。,3.5
一方で、日本の力士が賜杯に大きく近づいたときもありました。,3.5
このうち、ラグビーの合宿が盛んな北海道網走市がオーストラリア。,3.5
記録的な寒さとなった九州を中心に広い範囲で断水が続いています。,3.5
勉強は将来のために必要だと思います。,3.5
西武の中心選手としてリーグ優勝８回、日本一６回に大きく貢献しました。,3.5
東京消防庁救急相談センターは、プッシュ回線・携帯・ＰＨＳは＃７１１９。,3.5
祭りは１０日から始まり、およそ１００人が出席して記念の式典が開かれました。,3.5
来年度中の設置を目指すということです。,3.5
ことしも、「とうふ」の語呂にちなんで、関西などから、１０２人が参加しました。,3.5
ところが１８２８年、文政１１年に「シーボルト事件」が起きます。,3.5
爆発の原因など詳しいことは分かっていません。,3.5
内戦が続くシリアで２１日、爆弾テロが相次ぎ、合わせて１４０人が死亡しました。,3.5
このあと、参列者が献花台に花を供えて追悼しました。,3.5
この展示会は、今月２６日まで開かれています。,3.5
試算したのは関西大学の宮本勝浩名誉教授です。,3.5
また、ほかのＪＲ各社も新幹線で新たな対策を検討しているということです。,3.5
その際、すけ司さんは「よくやり遂げた」とことばをかけてくれたということです。,3.5
また、首都以外の地域では停電が続いています。,3.5
着物姿になった女の子は「みんなかわいくなってうれしいです」と話していました。,3.5
実験ではゆで卵も運ばれましたが、殻にひびが入ることは無かったということです。,3.5
警察は２６日に司法解剖をして、詳しい死因を調べることにしています。,3.5
運転手の高齢化や人手不足といった問題を解決する手段の一つとみているからです。,3.5
今は４４台ある車のうち７台が運用できない状態になっていると言います。,3.5
北朝鮮対韓国は１対１で引き分けました。,3.5
「ニーナ」の人形は「エミー」の人形と一緒に校舎の玄関に飾られるということです。,3.5
アメリカ軍と韓国軍の合同軍事演習は来月末まで行われます。,3.5
しかし、去年１１月３０日の営業運転の開始直後からトラブルが相次ぎました。,3.5
さらに、大塚駅で停車した際、運転席に異常を知らせる複数の表示が出ました。,3.5
親切にしてくれた先生たちは私の親です。,3.5
去年の秋、香港の高級ワインの取引会社が岩田さんの日本酒に関心を示しました。,3.5
諏訪湖の水陸両用バスは来年１月９日まで運行される予定です。,3.5
地元の当局によりますと、これまでに２７人が死亡したほか７５人がけがをしました。,3.5
北陸新幹線が開業して１４日で１年になります。,3.5
研究室のホームページのアドレスは、次のとおりです。,3.5
このため、小学校が移転する来年４月以降の利用を想定しているということです。,3.5
車両は５年余りにわたって雨風にさらされていたため、塗装などが黒ずんでいました。,3.5
大阪府内では１６７０地点が調査対象になっています。,3.5
ＩＳはパリの同時テロ事件でも犯行声明を出しています。,3.5
しかし、事故を受けて、住民は避難を余儀なくされました。,3.5
この展示会は２６日まで、千葉市の幕張メッセで開かれています。,3.5
最後の更新は３年前の平成２５年９月１５日で、その後の投稿はありません。,3.5
若い女の子も見たことはありません。,3.5
これを受け入れて連邦地裁は、アップルに対する命令を取り下げました。,3.5
厚生労働省は「利便性を向上させて相談しやすい態勢を作りたい」としています。,3.5
計画の中で、国は、住民一人一人に備えることの重要性を呼びかけています。,3.5
実は、インターネットで簡単に調べることができます。,3.5
ミャンマーで軍出身ではない大統領が率いる政権が発足するのは５４年ぶりです。,3.5
静岡市の漁港で駿河湾特産のサクラエビの初競りが行われました。,3.5
春のサクラエビ漁は６月７日まで行われます。,3.5
学生たちは歌舞伎を通じてそれぞれ新たな何かをつかみとったようでした。,3.5
田児賢一選手は、東京都出身の２６歳。,3.5
しかし、確認したところ、見つかったのは１人だと訂正しました。,3.5
落札した人物の情報は公表されていません。,3.5
さらに午後３時４０分ごろ、乗員とみられる３人を新たに発見したということです。,3.5
宇宙にホテルができれば、ゆっくりと地球を眺めながら何日も過ごせるようになる。,3.5
さらに来年４月からは１年間、運航するということです。,3.5
現場に到着した職員からは、２棟の建物が燃えていると報告があった。,3.5
検察当局は、美術品を巡る不透明な資金の流れの解明を進めています。,3.5
チンパンジーの命に別状はないということです。,3.5
動物公園は１５日は閉園して飼育施設の一斉点検を行うということです。,3.5
この日本酒は、都内のデパートや酒店などで数量限定で販売されます。,3.5
冬の間は雪に閉ざされますが、１６日、およそ４か月半ぶりに全線で開通しました。,3.5
また１５５７人がけがをしたということです。,3.5
また、３階建ての建物が倒壊している様子も見られました。,3.5
また人口はおよそ１５４０万人と日本の１０分の１余りです。,3.5
メンバーは熊本市内の避難所にも畳を届ける予定だということです。,3.5
熊本県や大分県で続く規模の大きな地震。,3.5
長時間、同じ姿勢でいると足の静脈に血の塊、血栓ができやすくなります。,3.5
長時間、同じ姿勢でいると足の静脈に血の塊、血栓ができやすくなります。,3.5
初期症状としては、足が赤くなったり、むくみや痛みが出たりします。,3.5
血行が悪くなると血栓ができやすくなります。,3.5
血行をよくするためには、動くこと、特に足を動かすことが大切です。,3.5
また狭い場所で寝る場合には足を心臓よりも高くするようにします。,3.5
水分が不足すると血液がドロドロになって固まりやすくなります。,3.5
外国人旅行者が月間で２００万人を超えたのは初めてで、過去最高となりました。,3.5
これが決勝点となり、マリナーズは２対１で勝ちました。,3.5
こういうのをいいきっかけにしたい。,3.5
使われるということはいいことかなと思う。,3.5
試合はレッドソックスが７対３で勝ち、連敗を３で止めました。,3.5
福岡市内の宿泊施設では、外国人旅行者による予約のキャンセルが増えています。,3.5
年齢制限のない日本代表の女性の監督は高倉監督が初めてです。,3.5
このうち５３件で火災になったほか、合わせて７０人がけがをしました。,3.5
そしてガソリンなどに精製され国内で販売されることになっています。,3.5
客や従業員にけがはなく、営業は通常どおり行ったということです。,3.5
残った３匹は２手に分かれ、２匹は空港南側のＤ滑走路に移動しました。,3.5
この２匹は午後３時ごろ捕獲されました。,3.5
ことしはフランスのパリがテーマです。,3.5
演説を終えたルセフ氏は支持者に見送られ、大統領府をあとにしました。,3.5
駅の職員がホーム上にあるゴミ箱を台車に乗せて次々に移動させていました。,3.5
沖縄はこれまでにも何度も悔しい思いをしてきた。,3.5
伊勢志摩サミットの開催が５日後に迫りました。,3.5
賢島の立ち入り規制は、サミット終了翌日の今月２８日に解除される予定です。,3.5
減少したのは平成２５年以降３年連続で、戦後最も少なくなりました。,3.5
政府は２４日の閣議で、ことしの「消費者白書」を決定しました。,3.5
また、拉致問題について、北朝鮮に直ちに対処するよう強く求めています。,3.5
壊れた左エンジンの部品がこの中間地点付近で多く見つかっているからです。,3.5
国民の信を問う以上、目指すのは連立与党で改選議席の過半数の獲得だ。,3.5
消費税率１０％への引き上げを再延期することについて、東京都内で聞きました。,3.5
将来のために上げるなら、上げておいたほうがいい。,3.5
熊本地震の避難所の１つ、益城町の総合体育館で話を聞きました。,3.5
警察が詳しいいきさつなどを調べています。,3.5
警察によりますと、調べに対し容疑を認めているということです。,3.5
この展示会は、東京・江東区の東京ビッグサイトで今月１０日まで開かれています。,3.5
まず、研究者が驚いたのが、フローレス原人の頭が極端に小さいことです。,3.5
大陸から離れた島で見つかったことも驚きでした。,3.5
また、併せて元素記号の案を「Ｎｈ」に決めたと発表しました。,3.5
また、下位１０位となったのは、次のとおりです。,3.5
捜査当局はなぜ、このナイトクラブを標的にしたのかなど動機の解明を進めています。,3.5
現場近くではクマのような動物の姿が確認されていました。,3.5
熊本地震は、最初の震度７の地震発生から１４日で２か月になります。,3.5
けがをした人たちの戦いは今後数週間続くため、血液が必要です。,3.5
また、夜遅くまで働く親の代わりに夕食も用意するということです。,3.5
警察は、現場近くで５２歳の男を拘束するとともに銃などを押収しました。,3.5
さらに旅行者が増える来月の夏商戦の前には、セールの情報も発信していく方針です。,3.5
作動すると非常に大きな衝撃があり、幼い子どもは耐えられない。,3.5
宮崎県には、２１日午前３時４８分に記録的短時間大雨情報が発表されました。,3.5
第２４回参議院選挙が２２日公示されます。,3.5
参議院選挙の公示にあたって、各党は声明などを発表しました。,3.5
まだ道半ばだが、確実に『結果』を生み出している。,3.5
なんとしても安倍政権の暴走に歯止めをかけ、政治の流れを変える必要がある。,3.5
このひなは一般に公開されているということです。,3.5
皇居の参観は毎週火曜日から土曜日の午前と午後の２回受け付けています。,3.5
しかし、国民投票が再び行われる可能性は低いとみられています。,3.5
女性は、子どものころ風疹のワクチンを１回接種していました。,3.5
肺炎が急激に悪化し、生後４か月で亡くなりました。,3.5
このサービスは日本でも国の承認を得てことし１月から提供しています。,3.5
世界文化遺産の富士山の山梨県側では、１日、山開きを迎えました。,3.5
東京・江戸川区にある１１７メートルの観覧車を抜いて日本一の高さになりました。,3.5
観覧車には７２のゴンドラがあり、およそ１８分で１周します。,3.5
要介護２は、さらに立ち上がりや歩行に支えなどが必要とされます。,3.5
要介護４や５では、介護なしでは生活することが難しい状態とされています。,3.5
この展示会は５日から来月２８日まで開かれています。,3.5
ささは今月７日まで、貴志川線の和歌山駅と伊太祈曽駅にも飾られます。,3.5
一方で、ブラジルの経済危機などの影響で拡大している課題もあります。,3.5
罪のない人々の命を奪うテロは、いかなる理由があっても、許されない。,3.5
この中で、バングラデシュで起きた襲撃事件の犠牲者への追悼が行われました。,3.5
また、中国人の女性は「日本の食事を楽しみにしています」と話していました。,3.5
また、貯水量は１億７２６５万トンで、平年の半分程度とほとんど改善していません。,3.5
民進党は選挙区が２１議席、比例代表が１１議席で、合わせて３２議席。,3.5
共産党は選挙区が１議席、比例代表が５議席で、合わせて６議席。,3.5
無所属は選挙区で４議席を獲得しました。,3.5
社民党は比例代表で１議席を獲得しましたが、吉田党首が落選しました。,3.5
生活の党は比例代表に５人の候補者を擁立しましたが、１議席にとどまりました。,3.5
海外から訪れた観光客や買い物客が足を止めて、思い思いに写真を撮っていました。,3.5
祇園祭の山鉾巡行は「前祭」が今月１７日、「後祭」が今月２４日に行われます。,3.5
新たな裁定の期限は９月１９日だということです。,3.5
このためアメリカの交通当局は、熱中しすぎないよう注意を呼びかけています。,3.5
南谷さんは１２日にも帰国し、来週、都内で記者会見を開く予定だということです。,3.5
酸化などを防ぐ材料を使い、通常のヨウ素剤と同じ３年間保存できるということです。,3.5
一連の熊本地震で、最初の震度７を観測した地震から１４日で3か月です。,3.5
この結果は、インターネット上の「がん情報サービス」で公開されています。,3.5
「鹿寄せ」は来月まで、土曜日、日曜日と祝日の午前９時から行われます。,3.5
宇宙での生活は特殊だと感じます。,3.5
体も２か所固定する必要があります。,3.5
朝、寝癖の心配も全くありません。,3.5
ほこりやごみが空中を漂うので、目が充血しやすいんです。,3.5
食欲がなくなり、しばらく続きました。,3.5
少年は逃走しようとして駆けつけた警察官に射殺されました。,3.5
逮捕されたのは、神奈川県に住む会社員、佐藤一輝容疑者（２０）です。,3.5
福岡県によりますと、クーポンは、僅か数時間でほぼ完売したということです。,3.5
市は木に殺菌剤を塗るなど、応急措置を取りました。,3.5
また、結束バンドも持ち込み、施設の職員を縛った疑いがあるということです。,3.5
アメリカの主要な政党の大統領候補に女性が指名されるのは初めてです。,3.5
クリントン氏は、４年間、国務長官を務めたあと退任。,3.5
しかし、その後、黒人やヒスパニック系の有権者の支持を固め、巻き返しました。,3.5
「海外旅行」も０．２ポイント下回って９．８％でした。,3.5
これで梅雨のない北海道を除くすべての地域で梅雨明けしたとみられます。,3.5
東京都知事選挙の開票は、早いところでは午後８時から始まっています。,3.5
東京都知事に初めて女性が就任することになります。,3.5
北栄町はこのカードを町の観光案内所で２０００枚無償で配ることにしています。,3.5
多くの難民を代表しこの一員になれたことをとても誇りに思う。,3.5
メダル獲得の有望種目であることなどもアピールしてきました。,3.5
リードは、高さ１２メートル以上の壁をどこまで登ったかを競います。,3.5
このため、病院は、別の治療薬に変えるなど治療方針を変更。,3.5
日本は、３日後の第２戦でコロンビアと対戦します。,3.5
また、ボールをとる気力がないように見えた。,3.5
今回のＩＰＣの決定は、ＩＯＣと異なる厳しい判断となりました。,3.5
オリンピックは３大会連続の代表です。,3.5
加藤凌平選手は埼玉県出身の２２歳。,3.5
金メダルは本当に重くて歴史を作れたのかなと思う。,3.5
白井健三選手は神奈川県出身の１９歳、大学２年生で初めてのオリンピック代表です。,3.5
田中佑典選手は和歌山県出身の２６歳。,3.5
団体では、最も得意とするつり輪に加えて、複数種目での活躍が期待されます。,3.5
しかし、続く加藤凌平選手が安定した演技ですぐに悪い流れを断ちきりました。,3.5
公開は１０月２３日までで、見学は無料ですが、事前に申し込みが必要です。,3.5
警察は見つかったのは大和さんの可能性もあるとみて確認を進めています。,3.5
いずれも命に別状はないということです。,3.5
水谷隼選手は静岡県出身の２７歳。,3.5
左利きで力強いフォアハンドのほか多彩なサーブも得意としています。,3.5
水谷隼選手は静岡県出身の２７歳。,3.5
左利きで力強いフォアハンドのほか多彩なサーブも得意としています。,3.5
錦織圭選手は島根県出身の２６歳。,3.5
移民として来られた皆さんが現地の方々に協力してきたからです。,3.5
参列者たちは、黙とうのあと、菊の花を手向けて戦没者を追悼しました。,3.5
中国はこれまでで最高の２５位に上がりました。,3.5
ＷＩＰＯが発表した調査結果の１位から２５位までの順位は、次のとおりです。,3.5
韓国は去年の１４位から順位を３つ上げました。,3.5
日本は去年の１９位から順位を上げましたが、アジアでは４番手です。,3.5
中国がこの調査で２５位以内に入ったのは初めてです。,3.5
この選手たちの力は、出し切った。,3.5
日本でも見たことのない動物でびっくりした。,3.5
世界選手権では去年まで通算１０回優勝しています。,3.5
吉田沙保里選手は三重県出身の３３歳。,3.5
父親の栄勝さんが開いていた自宅の道場で３歳からレスリングを始めました。,3.5
世界選手権は２００２年に初優勝して以来、去年まで１３連覇を果たしています。,3.5
こうした功績を評価され、２０１２年には国民栄誉賞が授与されました。,3.5
選手どうしが信じ合っていたからこそ銀メダルが取れたと思う。,3.5
トルコの治安当局は、結婚式を狙った自爆テロとみて捜査しています。,3.5
東京大会はリオデジャネイロと違う文化で、大都市で行うことになる。,3.5
いつもより夏休みが短くて、もう少し休みたかったです。,3.5
方面別では沖縄や中国・四国など西日本が好調だったということです。,3.5
この催しは、２４日まで江東区の東京ビッグサイトで開かれています。,3.5
軍や消防などは救助活動を行っていて、一刻を争う状況が続いています。,3.5
このため、アメリカに向けた再出発は来月下旬以降にずれ込む見通しになりました。,3.5
性別や年齢などは確認中だということです。,3.5
また空気感染で広がるため感染力が、非常に強いのも特徴です。,3.5
また、満月を過ぎると、月が欠けて行くにつれて出産数も減少したということです。,3.5
集英社によりますと、連載終了は、作者の秋本治さんの判断だということです。,3.5
カルビーでは、今のところ、ほかの商品には影響は出ていないとしています。,3.5
月額の料金は、電話はできない最も安いもので５００円となっています。,3.5
その背景にあるのは料金の安さです。,3.5
大手通信会社３社は、ＬＩＮＥの参入に危機感を強めています。,3.5
月々の料金が２０００円下がってしまうと、通信業界全体が壊れてしまう。,3.5
ただし国によって災害の特徴や対応は異なります。,3.5
緊急時には、外国人観光客は近くにいる日本人を見て行動します。,3.5
中国でｉＰｈｏｎｅを上回る人気を集めているのが現地メーカーの製品です。,3.5
開会式は７日、日本時間８日午前６時すぎからマラカナンスタジアムで行われました。,3.5
北朝鮮が核弾頭爆発実験の実施を発表したのは初めてです。,3.5
「関東・東北豪雨」で鬼怒川の堤防が決壊してから、１０日で１年になります。,3.5
広島の前回の優勝は平成３年で、１２球団では、最も優勝から遠ざかっていました。,3.5
日本海のベニズワイガニ漁は来年６月末まで続きます。,3.5
姉の千春さんなどの影響で、３歳の時に地元のクラブでレスリングを始めました。,3.5
また強度も現在のホームドアと変わりはないといことです。,3.5
しかし、利用にあたっては事業者ごとに本人確認を求めるものがほとんどです。,3.5
いずれも前の年を上回っていて、高齢者の就業が進んでいる実態がうかがえます。,3.5
自分たちのプレーをしようと集中して戦うことができた。,3.5
次は４年後に東京でパラリンピックが開かれます。,3.5
この釣り針や人骨は、ことし１１月から県立博物館・美術館で公開される予定です。,3.5
そしてほかのごみと一緒に焼却するということです。,3.5
コインの売り上げは、すべて大会の準備費用に充てられます。,3.5
Ｂリーグは、１部の「Ｂ１」、２部の「Ｂ２」ともに１８チームが所属します。,3.5
歴史的な開幕をぜひ見てみたいと思い来ました。,3.5
ほかの人と全く異なる発想の研究を尊重する風土があるのではないか。,3.5
隠岐の海は今場所、２横綱３大関を破り殊勲賞を受賞しました。,3.5
御嶽海に宝富士は、御嶽海が寄り切りで１０勝目を挙げました。,3.5
敢闘賞を受賞した高安は１０勝５敗で今場所を終えました。,3.5
豪栄道は初めての優勝を全勝で飾りました。,3.5
大関・稀勢の里に大関・照ノ富士は、稀勢の里が寄り切りで勝ちました。,3.5
横綱・日馬富士に横綱・鶴竜は、日馬富士が寄り切りで勝ちました。,3.5
隠岐の海に千代の国は、隠岐の海が押し出しで勝ち９勝目を挙げました。,3.5
豪風に栃煌山は、栃煌山が押し出し。,3.5
大関・豪栄道に大関・琴奨菊は、豪栄道が寄り切り。,3.5
今場所綱とりに挑んだ稀勢の里は１０勝５敗で今場所を終えました。,3.5
相模原市の知的障害者施設で起きた殺傷事件から２６日で２か月です。,3.5
また１８日に亡くなったときには病院側からは病死と告げられたということです。,3.5
これは２６日、沖縄県うるま市の教育委員会が会見して発表しました。,3.5
人々がアメリカの意図を疑いかねない。,3.5
その後、宇宙船は火星に向かうということです。,3.5
先の報告書は第１ステップであり、この報告書を改善するための手伝いをしたい。,3.5
若い人たちの研究をサポートができるようなシステムができればいいと思います。,3.5
「小学二年生」は、今から９１年前の大正１４年に創刊されました。,3.5
視覚障害者や歩行者からは接近に気付きにくく危険だという声が上がっています。,3.5
『おめでとう』とか『お疲れ様でした』とか声をかけてもらって感謝しています。,3.5
熱気が伝わり、たくさんの声を頂けたので、本当にうれしい時間だった。,3.5
パレードのゴール地点の東京・日本橋にも大勢の人が訪れました。,3.5
行政が高齢者の健康づくりを支援する取り組みも広がっています。,3.5
この見本市は１４日まで千葉市美浜区の幕張メッセで開かれています。,3.5
このアプリはスマートフォンに無料でダウンロードすることができます。,3.5
中国は１７日、宇宙飛行士２人を乗せた宇宙船を打ち上げました。,3.5
国土交通省はことし中に対策をまとめ、改めて鉄道各社に周知することにしています。,3.5
まさか死んでしまうなんて残念でなりません。,3.5
日本代表の進む道へのアドバイスをたくさんしてきた人を亡くしたのは痛い損失です。,3.5
体を休めながら時間をかけて考えたい。,3.5
また、箕浦さんの友人の本川由佳さんも同じようなひやりとする体験をしていました。,3.5
地域の新年会などで一緒になることもありました。,3.5
京浜急行は試験運用の状況を見ながら本格的な導入を検討したいとしています。,3.5
フランス政府は、難民たちが立ち退いた場所から順次キャンプを撤去する方針です。,3.5
施設はビルの２階にあり園庭はありません。,3.5
富士山で、26日朝、初冠雪が観測されました。,3.5
総務省は、去年行われた国勢調査の確定値を発表しました。,3.5
安倍総理大臣とフィリピンのドゥテルテ大統領が、２６日、首脳会談を行いました。,3.5
われわれは平和を求め、法の支配に基づいて平和的に問題を解決したい。,3.5
政治や安全保障の分野でも協力することで合意した。,3.5
青森県十和田市の奥入瀬渓流では木々が鮮やかに色づき紅葉が見頃を迎えています。,3.5
このうち小学校は、調査を始めた昭和６０年度以降、最も多くなっています。,3.5
「平等」と答えた人は２１．１％でした。,3.5
これは、クリスマスに次いで、１３４０億円のバレンタインデーに匹敵する規模です。,3.5
これは３１日朝、石井国土交通大臣がコメントを出して明らかにしました。,3.5
そして、１本１本の枝の先に、縄を慎重に結びつけていきました。,3.5
結果として多くの人に迷惑をかけた。,3.5
たくさんの人に応援してもらって本当にありがたいです。,3.5
一方、制限する速度については明らかにしていません。,3.5
また、クリントン氏はトランプ氏に電話し敗北を認め、祝意を伝えたということです。,3.5
今後、数年間、ともに働くことを楽しみにしている。,3.5
この催しは、今月１４日まで東京・渋谷区の「渋谷ヒカリエ」などで開かれています。,3.5
途中、左のアームで解答用紙を押さえ直す動きも見せていました。,3.5
インフルエンザの影響で学年閉鎖や学級閉鎖をした小学校や中学校も出ています。,3.5
とてつもない数字で丈夫でないとできない記録。,3.5
まずは、ここでほっとせず、今場所優勝を目指してほしい。,3.5
この製品の展示は、来年２月１２日まで続けられます。,3.5
この展示・販売会は今月２１日まで開かれています。,3.5
大変温かい雰囲気の中で会談を行うことができたと思う。,3.5
さまざまな課題について私は私の基本的な考え方を話した。,3.5
一方、女性では「家事」が２１％で、「仕事」が１９．７％でした。,3.5
「投げ銭供養」は２１日まで行われます。,3.5
予想される津波の高さは１メートルです。,3.5
このあと、生徒たちが拍手をして「黒潮宣言」を採択し、サミットは閉幕しました。,3.5
ことしは、サンタクロースの衣装を身に着けたおよそ６０００人が参加しました。,3.5
警視庁は、覚醒剤を入手した経緯などについて、調べを進めることにしています。,3.5
合わせて９５人が死亡し、そのおよそ７割は６０歳以上の高齢者だということです。,3.5
任期中に辞任すれば韓国では１９８７年の民主化以降、初めてのことになります。,3.5
ノロウイルスは感染力が非常に強く、激しいおう吐や下痢を引き起こします。,3.5
横浜市からは『決まったらやりたい』と聞いている。,3.5
旅客機の墜落について、ブラジルのテメル大統領は２９日、声明を発表しました。,3.5
たらいはこれまで手洗いを意味していたので注意が必要です。,3.5
単なる三角形は「塩素系及び酸素系の漂白剤を使用して漂白ができる」。,3.5
三角形にバツを重ねたものは「塩素系及び酸素系漂白剤の使用禁止」を示しています。,3.5
点が１つは「低い温度」を示し、排気温度の上限は６０度です。,3.5
いずれも斜めの線が加わると、日陰で干すことを勧めています。,3.5
クリーニングは丸が基本記号で、この中にアルファベットが記されています。,3.5
丸の下に横棒があるものは、「弱いクリーニングができる」ことを示しています。,3.5
ウエットクリーニングは４種類で、いずれも丸の中に「Ｗ」が書かれています。,3.5
全体にバツがついているものは「ウエットクリーニング禁止」です。,3.5
宇宙旅行の料金は１人当たりおよそ１４００万円を想定しているということです。,3.5
ワチラロンコン新国王はプミポン国王の長男で、１９５２年生まれの６４歳です。,3.5
渋谷の街で、５０人に、パクチーが好きか嫌いか５段階で聞きました。,3.5
パクチーが好きな人と嫌いな人に大きくわかれることがわかりました。,3.5
本人に話したところ納得していた。,3.5
作業員が棚まで足を運ぶ必要がなくなり、効率が飛躍的に高まるとしています。,3.5
また温泉マーク変更の是非は市内の小学校でも議論されました。,3.5
今まで親しんだ温泉マークがなくなるのは大変なことだと思う。,3.5
これは、日本で行われている全国学力テストのＢ問題に近いとされます。,3.5
読解力を向上させるため、各地の学校ではさまざまな試行錯誤が続いています。,3.5
この日は拉致被害者の家族が書いた手記が題材となりました。,3.5
涙を流すためでなく、周りを笑顔にするために生まれてきた。,3.5
その年の３月、東日本大震災が発生します。,3.5
ストーブ列車は、年内は今月２９日まで１日８往復運行されます。,3.5
中国では景気の減速が進む中でビルなどの不動産への投資が伸び悩んでいます。,3.5
この異常な状態に私たちの世代で終止符を打たなければならない。,3.5
元島民の方々の墓参などについては、できるだけ早く調整を行っていきたい。,3.5
北海道根室市では日ロ首脳会談の共同記者会見を受けて新聞の号外が配られました。,3.5
経済協力の満額回答を勝ち取ったプーチン大統領に、『一本』取られた感じがする。,3.5
高橋選手と松友選手のペアは、決勝でおととしに続く２回目の優勝を狙います。,3.5
契約は１年で、年俸は推定で８８００万円、背番号は「２８」に決まりました。,3.5
また、月や火星に人が行くときには、必ず横切らなければならない場所です。,3.5
ノロウイルスは、激しいおう吐や下痢などの胃腸炎を引き起こすウイルスです。,3.5
往復はがきも１０４円から１２４円に値上げします。,3.5
宗教的な脅威が現実なものとなっている。,3.5
北海道の白糠町で、毛ガニ漁が最盛期を迎えています。,3.5
ただ電気の販売と比べるとガスの販売への新規参入は難しいとされています。,3.5
一方で自由化によって電力事業など多様な事業を行うことができるようになった。,3.5
自治体が、速やかに避難するよう促す「避難勧告」に変更はありません。,3.5
展示会は、東京のロシア大使館で来月中旬まで開かれるということです。,3.5
私たちは、そう誓い、ひたすら不戦の誓いを貫いてまいりました。,3.5
一方、暴動の混乱に乗じて、１００人以上の受刑者が脱走しました。,3.5
警察は刑務所につながる道路を封鎖し、脱走した受刑者たちの行方を追っています。,3.5
小学校では１０日、新しい校舎で３学期の始業式が行われます。,3.5
ただ、うまくやっていけるのかどうかはわからない。,3.5
国境を越えてアメリカで売ろうとすれば高い関税を支払うことになる。,3.5
トランプ氏は、大統領に就任してからも同じ姿勢を示すのだろう。,3.5
年が明けて、ここ数日、ピンク色の花がぽつりぽつりとほころび始めました。,3.5
八重岳では今月２１日から桜まつりが行われ、大勢の人でにぎわうということです。,3.5
どういう点に注意すればよいかをまとめました。,3.5
猛吹雪で立往生すると、車の中にいても危険です。,3.5
大雪の際には、雪下ろしなどの除雪作業中の事故も多発しています。,3.5
どうしてこんな数値が出たのか早く解明してほしい。,3.5
ミニロケットと超小型衛星はいずれも、警戒区域内の海上に落下したということです。,3.5
ロケットに民生品を利用するのはまだこれからだが、失敗をおそれては何もできない。,3.5
小学生のときに震災にあい、焼け野原になったのを今でも覚えています。,3.5
震災で祖父は亡くなり、祖父から名前の一文字を譲ってもらいました。,3.5
この制度で税の負担がどれだけ軽減されるのでしょうか。,3.5
ただ、市販の薬、すべてが対象になる訳ではありません。,3.5
このため、薬のパッケージに「税控除対象」という表示があるかどうか。,3.5
岩手県がおよそ３００億円をかけて、震災のよくとしから建設を進めてきました。,3.5
県は新たな防潮堤は、数十年から百数十年に一度の津波に対応できるとしています。,3.5
実感は今から沸いてくると思います。,3.5
これらの画像は今後、原爆資料館のデータベースで順次公開されるということです。,3.5
この像は高さおよそ３０センチ、１１キロの純金を使って作られています。,3.5
このうち１９７件で火災が発生し、１４人が死亡したということです。,3.5
これまでのところとてもうまく実行できている。,3.5
すごすぎて自分の子どもじゃないみたいです。,3.5
タクシーの運賃は、国が定めた上限運賃と下限運賃の間で決まります。,3.5
「キンメ電車」は来月４日から伊豆急行の熱海と伊豆急下田の間で運行されます。,3.5
一方、「案内所」のマークは、今は『？,3.5
できあがったラーメンは客席の前にあるレーンに載って運ばれてきます。,3.5
アサリ漁は４月まで行われ、およそ１５トンが出荷されるということです。,3.5
日本人が受賞するのは今回が初めてです。,3.5
この舞台で踊ることができて、さらに入賞なんて、すごくびっくりしています。,3.5
もし何か起きたら、判事や裁判のシステムを非難すべきだ。,3.5
冬の札幌を彩る「さっぽろ雪まつり」が６日、開幕しました。,3.5
会場には大勢の観光客が訪れ、雪の像などを盛んに写真に収めていました。,3.5
ＮＴＴドコモに先行して、ソフトバンクは去年３月にスポーツ中継に参入しました。,3.5
スキージャンプ女子では、高梨沙羅選手に金メダルの期待がかかります。,3.5
このほか、発達障害児や保護者対応など教員の多忙化も深刻だ。,3.5
今回改訂される学習指導要領の各教科の主な内容です。,3.5
次に、時間割を弾力的に編成する方法です。,3.5
その結果、がん患者全体の１０年後の相対生存率は、５８．５％でした。,3.5
一方、精神面では、より広い視野を持つことをみずからのテーマにしています。,3.5
サムスン電子のイ・ジェヨン副会長は４８歳。,3.5
梅の名所として知られる水戸市の偕楽園で、恒例の「梅まつり」が始まりました。,3.5
わずかな量が皮膚についただけでも死亡するおそれがある。,3.5
これについては、きのう担当副知事に指示した。,3.5
一方、太陽系以外で見つかる惑星の数も今後、飛躍的に増加すると期待されています。,3.5
その後、今世紀に入って探査が急速に加速します。,3.5
政府と経済界は２４日から「プレミアムフライデー」を始めます。,3.5
ただ、キム・ジョンナム氏は、「関心がない」と話し、応じなかったとしています。,3.5
完走したランナーからは、満足感にあふれた声が聞かれました。,3.5
観客は決してレベルの高い演技やプレーではなくても熱心に応援していました。,3.5
このためヤマト運輸は、今の宅配サービスを抜本的に見直す方針を固めました。,3.5
堀北真希さんは東京都出身の２８歳。,3.5
現在私は母になり、愛する家族と幸せな日々を送っています。,3.5
夫とも話し合い、私の気持ちを尊重してくれました。,3.5
事故を防ぐ取り組みを取材しました。,3.5
このうち、６１件は入院に至ったケースでした。,3.5
消費者が気をつけることとして、事故を防ぐポイントも盛り込まれています。,3.5
協議会の中でも、親の責任について議論になった場面がありました。,3.5
老神温泉ひな祭りは、来月２日まで開かれています。,3.5
禎子さんの折り鶴は、これまでに国内外の博物館など１３か所に寄贈されています。,3.5
この記念撮影は、今月いっぱい、土日・祝日に５組限定で行われています。,3.5
優待サービスの期間は今月２６日までとなっています。,3.5
警察は、松本市内の病院に搬送し詳しい状態を確認しています。,3.5
警察は、墜落事故が起きた原因などを調べることにしています。,3.5
グループによりますと、国内の湖の魚から検出されたのは初めてです。,3.5
たくさんの人に支えられ、応援してもらい、感謝してもしきれないです。,3.5
これによって、１０日から６０日以内に大統領選挙が実施されることになりました。,3.5
また、新華社通信も決定の直後に速報しました。,3.5
石巻市の日和山には午後２時を過ぎたころから次々に地元の人などが訪れ始めました。,3.5
石巻市の日和山には午後２時を過ぎたころから次々に地元の人などが訪れ始めました。,3.5
どうして帰ってきてくれないのか悲しくてなりません。,3.5
先生の焦った顔や皆んなの顔忘れられない。,3.5
労働人口の３分の２は公務員で、税金はなく、医療や教育も無料で提供されています。,3.5
今回の合意は大きな一歩だが、最初の一歩にすぎない。,3.5
繁忙期であれば、命を落としてもよいのでしょうか。,3.5
テロは、国家および国民の安全に対する最大の危険になった。,3.5
一方、徳島県が売り込もうとしているのは、全国一の生産量を誇る藍です。,3.5
さらにニューヨークの国連本部は大雪のため１４日は閉鎖することを決めました。,3.5
一方、８つの自治体では本来、認められていないたばこの購入に利用されていました。,3.5
いずれも命には別状はないということです。,3.5
また、洞窟の外では地元の伝統芸能が披露され、営業再開を祝いました。,3.5
また、委員会室に設けられたおよそ７０の傍聴席は満席となりました。,3.5
土壌の問題については『大丈夫だ』と言うので決裁した。,3.5
理事会で変更されたのは霞ヶ関カンツリー倶楽部の規約の中の「細則」の一部です。,3.5
東京のサクラの開花は、去年と同じで、平年よりは５日早くなっています。,3.5
人口の増加を受けて住宅地の需要が高いこと。,3.5
虐待を受けた人のうち２０人が殺人などによって死亡していました。,3.5
このサービスは今月２７日から始まります。,3.5
式の途中で、入学式のときの息子のスーツ姿を思い出しました。,3.5
最後まで何があるかわからないので、気持ちを引き締めてやっていた。,3.5
それによりますと、「がんであること」を子どもに伝えたのは７３％でした。,3.5
警察は、不審者に関する情報の１つと見て捜査することにしています。,3.5
警察は、不審者に関する情報の１つと見て捜査することにしています。,3.5
オセアニアが０．５から１に増えるということです。,3.5
また、田中選手は、フリーで１４８．８９、合計で２２２．３４で１９位でした。,3.5
演技内容を忘れるくらい集中して一生懸命やれたと思う。,3.5
フリーは最後までずっと鳴りやまない拍手が聞こえてきてありがたかった。,3.5
これからもそういうモチベーションで練習していく。,3.5
フリーに４回転ループを入れてから少しずつ点数を伸ばすことができた。,3.5
これは、前の年度の３８％に比べ２倍近くに改善しています。,3.5
対局は午前１０時に始まり、午後５時前に１０４手までで小林七段が投了しました。,3.5
その後、両首脳に加え、メラニア夫人と彭麗媛夫人も交えた夕食会も開かれました。,3.5
すでに長時間議論しているが、今のところ収穫はない。,3.5
あん馬で少し足を開いて減点されてしまったが、それ以外は完璧と言っていいと思う。,3.5
笑顔を忘れずに前進していきたいと思ってます。,3.5
自分で決断して答えを持って来たのだと思う。,3.5
彼女の競技生活からは学ばせてもらうことばかりでした。,3.5
まだ、つぼみが多く、今週末に見頃を迎える見込みです。,3.5
本屋大賞は商業的にも大きな影響力を持つ賞として注目されています。,3.5
いずれの商品も、売り上げの一部を熊本県内の被災地に寄付するということです。,3.5
爆発の原因など詳しいことは分かっていません。,3.5
一連の熊本地震の発生から１４日で１年になります。,3.5
おじいちゃんには、残った家族を守ってくださいとお祈りしています。,3.5
すべての建物で耐震性が低いとされたのが１４１施設。,3.5
運営会社は、ことし、去年より８万人多い１００万人の利用を見込んでいます。,3.5
南谷さんは当時１９歳で日本人としては最年少の登頂でした。,3.5
以前は温泉が出ることが当たり前でしたが、ありがたみを実感しています。,3.5
平年より７日早く、去年より１日遅い開花だということです。,3.5
静岡県内の茶の取り引きは、来月初旬から中旬にかけてピークを迎えます。,3.5
今後、日本やフランスなどの間では、誘致をめぐる駆け引きが活発になりそうです。,3.5
栃木県那須町で起きた雪崩事故から２７日で１か月です。,3.5
この問題を受けて、ユナイテッド航空は２７日、再発防止策を発表しました。,3.5
示談金の額は公表しない条件になっているということです。,3.5
先月の全国の完全失業率は２．８％で、前の月と変わりませんでした。,3.5
ブラジルの「ジャパン・ハウス」は、今月６日に一般公開される予定です。,3.5
マクロン氏は３９歳、フランスで歴史上、最も若い大統領が誕生することになります。,3.5
そのあと、参列者が国ごとに行進し、石棺をかたどった記念碑に花を手向けました。,3.5
選挙戦で最大の争点になったのがＥＵ＝ヨーロッパ連合との関係をめぐる対立です。,3.5
奈良公園での鹿の赤ちゃん誕生の確認はことし初めてです。,3.5
アメリカのトランプ大統領は、パリ協定をめぐってどのような判断を出すのか。,3.5
では、パリ協定から脱退せずに枠組みに残った場合、どうなるのか。,3.5
また、テレビに火事の現場の様子が映ると、不安そうに見つめていました。,3.5
若い選手を連れてくると思うがその戦力を見極める機会にもなる。,3.5
アイルランドは世界ランキング４位。,3.5
サッカーの代表とは異なり、ラグビーの代表チームは北アイルランドも含みます。,3.5
今回のワールドカップでは初めてのベスト４進出を狙います。,3.5
キャプテンはグレイグ・レイドロウ選手。,3.5
日本との対戦成績は、日本の１勝１０敗です。,3.5
このうち、すでに決まっているのは１２チームです。,3.5
世界ランキング１位、世界王者のニュージーランドは、９大会連続９回目の出場です。,3.5
前回準優勝、世界３位のオーストラリアも９大会連続９回目。,3.5
世界５位のスコットランドも９大会連続９回目の出場。,3.5
世界１１位の日本は９大会連続９回目の出場。,3.5
世界１２位のジョージアは５大会連続５回目の出場。,3.5
その歴史を大きく変えたのが、前回、２０１５年のイングランド大会でした。,3.5
アニサキスによる食中毒の被害については、芸能人もツイッターなどで伝えています。,3.5
全国の郵便局などでは、１５日から新しい料金の切手とはがきの販売が始まりました。,3.5
結婚の時期は、来年が想定されているということです。,3.5
天皇皇后両陛下にとって初めてのお孫さんでした。,3.5
平成１８年９月、中学生の時、弟の悠仁さまが誕生されます。,3.5
まず、一般の結納にあたる「納采の儀」が行われ、お二人の婚約が正式に決まります。,3.5
続いて、結婚式の日取りを正式に決める「告期の儀」が行われます。,3.5
そして、ほどなく、眞子さまと小室さんの結婚式が行われることになります。,3.5
高浜原発４号機は２度にわたって司法の判断で再稼働ができない状態となりました。,3.5
この仮処分の決定は、ことし３月、大阪高等裁判所が取り消し、再稼働を認めました。,3.5
配管の弁を固定するボルトの一部が緩み、隙間が出来ていたことが原因でした。,3.5
異常な電流を検知する機器の設定に問題があったためでした。,3.5
周辺地域の防災面の課題もあります。,3.5
京都府舞鶴市は市のほぼ全域が原発から３０キロ圏内にあります。,3.5
ヒナは兵庫県豊岡市の「県立コウノトリの郷公園」で人工飼育されることになります。,3.5
また、来年夏ごろにはネーミングも決まる予定だということです。,3.5
豊後大野市は９世帯１７人に避難勧告を出しています。,3.5
自分もきのうの相撲を見て、横綱としての責任を果たせないと思った。,3.5
闘牛場の周囲に住宅などはなく、けがをした人はいませんでした。,3.5
万が一、ライブ中に電気が供給できなくなると、演奏が台なしになってしまいます。,3.5
今後は逃げ出さないよう工夫して飼育したい。,3.5
プロ入り間もない棋士の扇子が作られるのは異例だということです。,3.5
『大志』の文字自体は、中学生らしくて、かわいらしい感じがします。,3.5
よへなあじさい園のあじさいは、今月下旬ごろまで楽しめるということです。,3.5
女子大学生は「卓球も食事も楽しめていいです」と話していました。,3.5
このクロマグロは９日、競りにかけられるということです。,3.5
警察は乗用車の当時の運転状況など事故の原因を詳しく調べています。,3.5
午後０時４０分現在、シンシンが右の前足で赤ちゃんを抱いているということです。,3.5
上野動物園は当分の間、２４時間態勢で赤ちゃんの発育を見守ることにしています。,3.5
この赤ちゃんは６日後に死んでいます。,3.5
その１つが交尾に必要な筋力トレーニングです。,3.5
鶏肉の真ん中に素早く、串を刺すことができます。,3.5
展示会は今月１６日まで東京・江東区の東京ビッグサイトで開かれています。,3.5
外食や小売業界では、人手不足が深刻になっています。,3.5
合同公演は今月２４日と２５日に京都市左京区の京都芸術劇場春秋座で行われます。,3.5
これは第２次世界大戦後にドイツ国籍を取得したイギリス人としては最も多い数です。,3.5
強い毒も持っており、まさに最悪の外来生物だ。,3.5
ヒアリは体内に強い毒を持ち、腹部にある鋭い針で相手を繰り返し刺します。,3.5
人が刺されるとやけどのような激しい痛みを感じます。,3.5
また、片渕須直監督の「この世界の片隅に」が審査員賞を受賞しました。,3.5
女子では、樋口久子さんが１９７７年に全米女子プロ選手権で優勝しています。,3.5
ここまで上位に来られたのはうれしい。,3.5
ジャイアントパンダの子育ては母親だけが行い、２歳ごろには親離れします。,3.5
西之島の新しい地図と海図は、今月３０日に発行されることになっています。,3.5
その結果、赤ちゃんの性別はメスと確認されたということです。,3.5
翁長知事も裁判では行政の長としてその結果に従うことを明言していた。,3.5
ただ、これで満足はしていないし、このあと結果が残せないと意味がない。,3.5
従来のコンピューターでは情報は「０」か「１」で表されます。,3.5
高い状態を「１」とし、これを「１ビット」という情報の基本単位にしています。,3.5
これが「１量子ビット」と呼ばれる単位です。,3.5
ところが、この場合も量子コンピューターなら処理は１回。,3.5
量子コンピューターが１回の処理で済むには理由があります。,3.5
例えば、この問題の１つが「巡回セールスマン問題」です。,3.5
量子コンピューターの研究開発には日本人も大きく貢献しています。,3.5
当初は食用でしたが、甘味が少ないため、今は観賞用として全国に出荷されています。,3.5
福原選手は、去年９月の結婚会見の際に現役を続ける意向を示しています。,3.5
一方、肺がんは１６．７％、乳がんは１４．３％でした。,3.5
この交差点では標識に加え路面にも白い文字で「ＳＴＯＰ」と表示されています。,3.5
ここからが藤井四段の将棋がスタートです。,3.5
われわれは自分たちの仕事を続ける。,3.5
この２つの情報は、４日午後１時から気象庁のホームページで公開が始まります。,3.5
強い毒を持つ南米原産のアリ、「ヒアリ」が大阪港で見つかりました。,3.5
国内でヒアリが確認されたのは、神戸港、名古屋港などに続いて、４例目です。,3.5
また、ワインの関税は双方が即時に撤廃することになりました。,3.5
ＥＵは、日本との交渉では、一部でＴＰＰの合意を上回る内容を求めてきました。,3.5
活発な前線の影響で、九州北部の各地で記録的な豪雨となっています。,3.5
記録的な豪雨で、九州では６人が死亡し、８人がけがをしました。,3.5
福岡県内ではこれまでに４人が死亡しました。,3.5
福岡県内ではこれまでに４人が死亡しました。,3.5
火災保険に加入している場合は、水害による被害も適用される可能性があります。,3.5
役所に浸水したことを申し出ると被害の調査が行われ、り災証明書が発行されます。,3.5
災害が大規模になると、発行までに１か月以上かかることもあります。,3.5
ただ、ふすまやエアコンの室外機、食器などは乾かせば使える可能性があります。,3.5
また、汚れた現金は、一定の条件で新しいお金に交換してもらえます。,3.5
そして泥をかき出して消石灰や逆性石けんで消毒します。,3.5
換気をよくして火気を使わないようにします。,3.5
ヘルメットやタオル、マスクの着用は重要。,3.5
井戸水は、水質検査が終わるまでは飲まないようにします。,3.5
今回の決定で、日本の世界遺産は文化遺産と自然遺産合わせて２１件となります。,3.5
かつては、およそ２００万人が暮らすイラク第２の都市でした。,3.5
アメリカ政府は、依然としてイラクでやるべきことがたくさんある。,3.5
もう１つの焦点は、指導者のバグダディ容疑者の行方です。,3.5
このうち釧路港では、午前４時前、漁船９隻が合わせて２トン余りを水揚げしました。,3.5
隣接する八潮市でも生息が確認されているということです。,3.5
九州北部を襲った記録的な豪雨から１２日で１週間です。,3.5
このうちの６０％以上が６５歳以上の高齢者でした。,3.5
警察によりますと、沿道の人出は２２万に上ったということです。,3.5
その結果、全体のおよそ３割で白化が確認されたということです。,3.5
このため、サンゴの骨格の石灰質が透けて白く見えるようになる「白化」が起きます。,3.5
デフリンピックサムスン大会は、今月３０日まで開かれます。,3.5
日本選手団の心は一つになっています。,3.5
アメリカのトランプ大統領が就任してから２０日で半年となります。,3.5
トランプ大統領がことし１月２０日に就任してから今月２０日で半年となります。,3.5
この病院では、過去には半年も入院した子どもがいました。,3.5
勝負どころでしっかり勝つ一番への集中力があるし、なにより勝ち方を知っている。,3.5
本人はことし中には優勝４０回を達成すると思っているのではないか。,3.5
守ってあげることができず、申し訳ない気持ちでいっぱいです。,3.5
また午後には、神奈川県の黒岩知事も献花台に花を手向けました。,3.5
この展示会は２８日まで開かれています。,3.5
改正された条例はことし１０月に施行されます。,3.5
眠気のレベルは５段階で表示され、ＡＩ＝人工知能を使って推定するとしています。,3.5
眠気のレベルは５段階で表示され、ＡＩ＝人工知能を使って推定するとしています。,3.5
この施設では３１日までの期間中、およそ１万２０００人の入場を見込んでいます。,3.5
夏のこの時期、進学を希望する高校生の志望校選びが本格化する季節です。,3.5
興味ある学部を知ることができてよかった。,3.5
これは３１日に開かれた文化庁の文化審議会で決定されました。,3.5
ポーカーフェイスなので表情からは分からないと思いますが、やった！,3.5
ユネスコに推薦する候補地に決まった「百舌鳥・古市古墳群」には課題もあります。,3.5
また、体長も４０．６センチと前回と比べて６．５センチ大きくなっています。,3.5
この展示会は、東京に住む家電収集家の松崎順一さん（５６）が監修しました。,3.5
デジタルに比べれば、よい音ではないが柔らかくて味わい深い。,3.5
一方、上り線は１４日が特に渋滞が激しくなる見込みです。,3.5
高速道路各社は最新の道路状況を確認するよう呼びかけています。,3.5
そして、およそ８時間後の４日午前０時４０分に火は消し止められました。,3.5
そして原爆が投下された午前８時１５分に、参列者全員で黙とうをささげました。,3.5
そして原爆が投下された午前８時１５分に、参列者全員で黙とうをささげました。,3.5
公立の夜間中学の設立を求める意見は各地で相次いでいます。,3.5
長崎は９日、原爆の投下から７２年となる「原爆の日」を迎えました。,3.5
台風５号は、午前３時に東北の日本海側の沖合で温帯低気圧に変わりました。,3.5
しかし日本海の海水温が高いこともあってこの海域では不漁が続いています。,3.5
そして、参列者全員で１分間の黙とうをささげました。,3.5
それからの母の苦労と頑張りは筆舌に尽くせません。,3.5
気象庁は農作物の管理などに十分注意するよう呼びかけています。,3.5
一方で、普及に伴って事件も起きています。,3.5
海外に比べて日本では普及が遅れています。,3.5
けが人の中には重傷者もいて、犠牲者はさらに増えるおそれもあるということです。,3.5
ヨーロッパでは、車で無差別に人をはねるテロ事件が相次いでいます。,3.5
けがをした人や気分が悪くなった人はいませんでした。,3.5
彼が隣にいないまま目覚めることも、彼なしでテレビを見ることも考えられません。,3.5
トランプ大統領も２１日、首都ワシントンのホワイトハウスで日食を観測しました。,3.5
そのうえで、「日本代表に来てからもどんどん打ってほしい」と期待していました。,3.5
訪れた人たちはアイデアあふれる作品を楽しみながら見ていました。,3.5
餌のサバと一緒に海に投入し、寄ってきた生き物を撮影します。,3.5
小学校の算数Ｂで出された「みかけの月の大きさ」を扱った問題。,3.5
この「すし」は、いわゆる「しゃり」の代わりに大根の酢漬けを使います。,3.5
北朝鮮はみずからが招いている危険を認識するべきだ。,3.5
事態を解決するための軍事的なオプションも拒否する。,3.5
公開は、大天守用が来年２月末まで、小天守用が再来年８月末までの予定です。,3.5
谷口さんは３０日朝、入院先の長崎市内の病院でがんのため亡くなりました。,3.5
これまでの功績に敬意を表します。,3.5
日本のワールドカップ出場は１９９８年のフランス大会以来６大会連続６回目です。,3.5
コンディションはよかったけど、まだまだできると思う。,3.5
本大会では今まで日本代表が行ったことがないところまで行くのが目標だ。,3.5
ロシアでは初めての開催となります。,3.5
午前８時すぎ、業務が始まると住民が訪れて手続きを進めていました。,3.5
受付時間は平日の午前９時から午後５時までです。,3.5
値上げ幅は荷物の大きさや運ぶ距離によって異なりますが、平均で１２％になります。,3.5
ベニズワイガニ漁は来年６月末まで続きます。,3.5
一方、女性は地元紙に対して「鑑定結果はまだ聞いていない」と話しています。,3.5
一方、女性は地元紙に対して「鑑定結果はまだ聞いていない」と話しています。,3.5
段ボール製の蒸気機関車は今月２８日から筑後市の九州芸文館で公開されます。,3.5
大地震に見舞われたメキシコでは、これまでに６５人の死亡が確認されました。,3.5
静岡県側では、このほか富士宮口と御殿場口の登山道も閉鎖されました。,3.5
閉山前に登ることができてよかったです。,3.5
学生の１人は「お年寄りや子どもの役に立つデザインを考えたい」と話していました。,3.5
その後もアップルは、ほぼ毎年のように新型機を発表していきます。,3.5
この展示会は、東京・中央区の日本橋高島屋で今月２５日まで開かれています。,3.5
一方、ロサンゼルスは、次が３回目の大会となる実績をアピールしました。,3.5
フランスのパリは１９２４年以来、１００年ぶりにオリンピックを開催します。,3.5
ロサンゼルスは１９８４年以来、４４年ぶり、３回目のオリンピック開催となります。,3.5
私にとってこれほどうれしいことはいままでにない。,3.5
「しきさい」は今年度中にＨ２Ａロケットで打ち上げられる予定です。,3.5
父親の滋さん（８４）は「めぐみちゃんと早く会いたいです」と声を振り絞りました。,3.5
父親の滋さん（８４）は「めぐみちゃんと早く会いたいです」と声を振り絞りました。,3.5
核・ミサイルと拉致の問題をどう位置づけ、解決につなげていくのか。,3.5
これは、観光庁の田村明比古長官が２０日の記者会見で明らかにしたものです。,3.5
これは、安室さんが４０歳の誕生日となる２０日、ホームページで発表しました。,3.5
各国が署名する様子を見て涙が出るくらい嬉しかったです。,3.5
条約によって核兵器のない世界を作っていくという大きな目標ができたと思います。,3.5
「漱石山房記念館」は今月２４日に開館します。,3.5
こういう人たちとやっていると楽しい。,3.5
私としては３０本、４０本打てばすごいなと思っていた。,3.5
清宮幸太郎選手は東京出身の１８歳。,3.5
父親はラグビーの指導者でヤマハ発動機監督の清宮克幸さんです。,3.5
中学１年生のとき、少年野球の世界大会で優勝。,3.5
決勝まで進みましたが、東海大菅生高校に敗れて甲子園出場は果たせませんでした。,3.5
そして、報道陣からの質問に対し、ひとつひとつ丁寧に答えていました。,3.5
名前は２５日午後、都が発表することにしています。,3.5
このままに任せておいていいのか。,3.5
私自身、閉会中審査に出席するなど、丁寧に説明する努力を重ねてきた。,3.5
急速に進む少子高齢化を克服し、わが国の未来をひらく。,3.5
私自身、閉会中審査に出席するなど、丁寧に説明する努力を重ねてきた。,3.5
急速に進む少子高齢化を克服し、わが国の未来をひらく。,3.5
これはツイッター社が２６日、みずからのツイッターのアカウント上で発表しました。,3.5
具体的には、ベインキャピタルは、２１２０億円の資金を拠出します。,3.5
この結果、国内の２社で議決権の５０．１％を握り、経営の主導権を確保します。,3.5
これによって、引き続き、日本勢が経営の主導権を確保することを想定しています。,3.5
みんなどんどん悪くなっています。,3.5
女の人と子どもを守ってください。,3.5
家電製品を音声で操作する際に、より高度な認識が可能になるということです。,3.5
この展示会は、千葉市の幕張メッセで３日から今月６日まで一般公開されます。,3.5
現在、文部科学省に対し、留学生その他の被害情報は届いていない。,3.5
この展示会は来年１月７日まで開かれます。,3.5
県内にあるほかの工場では、操業を続けるということです。,3.5
この催しは７日まで開かれています。,3.5
最終日の７日には護摩をたいて人形を供養する「人形供養祭」が行われます。,3.5
カズオ・イシグロ氏は、１９５４年、長崎県で日本人の両親のもとに生まれました。,3.5
女子は平均台で村上選手が４位、寺本明日香選手が６位でした。,3.5
男性とペットの犬は現在はともに回復しているということです。,3.5
また、日本は男子が５％、女子が１．７％でした。,3.5
大沼のコハクチョウは、このあと順次、越冬地の本州へ向けて飛び立ちます。,3.5
家族で丘を降りて逃げ、炎がすべてを包んでいくのが見えた。,3.5
東京は、おととしまで４位でしたが、去年初めてフランスのパリを抜いて３位に浮上。,3.5
できれば図書館で文庫本の貸し出しはやめていただきたい。,3.5
そのうえでソマリア政府と協力して、テロ組織の打倒を目指す考えを強調しました。,3.5
これで殺人も破壊もなくなるのでうれしい。,3.5
そして、今月、オートバイとしては世界で初めて生産台数１億台を達成しました。,3.5
商品名の「カブ」は、英語で「猛獣の子ども」という意味です。,3.5
※小学館：読者からの問い合わせ先 ０１２０－８５２－５６９,3.5
得意としているのは、デジタルカメラやテレビの画像処理で培ったカメラの技術です。,3.5
歩行者が道路に飛び出すと、直ちに検知し、ハンドルとブレーキを自動で操作します。,3.5
先陣を切ったのはアメリカの大手ＩＴ企業です。,3.5
希望の党は、選挙前の５７議席を下回ることが確実です。,3.5
聖火は今月３１日までギリシャ国内をめぐったあと韓国に運ばれます。,3.5
大きさは７０９カラットと世界で１４番目とされています。,3.5
もう１枚には、「意志のあるところに道は開ける」と書かれています。,3.5
李氏は、２期目の習指導部でも政治局常務委員に留任し、党の序列は２位です。,3.5
栗氏は、２期目の習指導部で政治局常務委員に昇格し、党の序列は３位です。,3.5
汪氏は、２期目の習指導部で政治局常務委員に昇格し、党の序列は４位です。,3.5
この間、アメリカの大学で客員研究員も務めました。,3.5
韓氏は２期目の習指導部で政治局常務委員に昇格し、党の序列は７位です。,3.5
選んだ道を最善手にするのは本人しだいです。,3.5
この催しは、今月２９日まで行われるということです。,3.5
儀式には、日本から秋篠宮ご夫妻が４０か国以上の要人らとともに、参列されました。,3.5
古本の街として知られる東京・神田で、恒例の古本まつりが２７日から始まりました。,3.5
「神田古本まつり」は来月５日まで開かれています。,3.5
引っ越す前に人を殺したことはない。,3.5
去年の世界選手権で銀メダルを獲得したチームです。,3.5
スキージャンプ女子の高梨沙羅選手と伊藤有希選手もメダル候補です。,3.5
それに団体パシュートがメダルの候補です。,3.5
新種のオランウータンが見つかったのは、インドネシアのスマトラ島北部の森林です。,3.5
霞ヶ関カンツリー倶楽部は昭和４年にできた９０年近い歴史のあるゴルフ場です。,3.5
料理の注文はテーブルにあるタブレット端末でします。,3.5
この店の利用状況や客の反応を見てほかの店への導入を検討することにしています。,3.5
「ルーブル・アブダビ」は今月１１日から一般公開されます。,3.5
女性は去年、店で中年の男性客から「ＳＮＳに書き込む」と脅されたといいます。,3.5
常にクレームのことが頭にあった。,3.5
駅の防犯カメラに１人で歩く様子が写っていたということです。,3.5
家族一同深い悲しみに包まれており、気持ちの整理がつきません。,3.5
私は親として、娘を守ってやることができませんでした。,3.5
関係者によりますと、ことし８月末から働き始めたということです。,3.5
訪れた親子連れなどは、熱々の鍋料理で冷えた体を温めていました。,3.5
日馬富士の休場はことし初場所以来、８回目です。,3.5
公式戦で日本の棋士が柯九段に勝ったのは初めてだということです。,3.5
本州でオジロワシの繁殖が確認されたのは初めてだということです。,3.5
これは、県の電話による年間の相談件数の２倍に相当するということです。,3.5
また、野村不動産は一部のマンションで、郵便ポストのサイズを大きくしています。,3.5
この措置は、新たな指示があるまで継続されるということです。,3.5
しかし、太平洋クロマグロを最も多く漁獲している日本は規制を守れていません。,3.5
熊本市の定例市議会は２２日開会し、午前中、本会議が行われました。,3.5
「しながわ水族館」の冬の催しは、来月２５日まで行われています。,3.5
ぜひ活躍を見ていただいて、２０２０年の会場を満杯にしたい。,3.5
生徒たちは教員が中心になって避難させました。,3.5
このほか、松江市や山口県下関市、高松市、熊本市、佐賀市で初雪を観測しました。,3.5
出稼ぎ目的の留学生をたくさん集めれば学費を稼ぐことができ、ビジネスになる。,3.5
特に用意周到だったのが２０１４年のソチオリンピックです。,3.5
このカクテルは、口に含むだけで薬物が体に吸収されるため、その後吐き出します。,3.5
スケルトン男子で金メダルを獲得したアレクサンドル・トレチャコフ選手。,3.5
ＩＯＣ理事会の決定についてロシア政府は、今のところ公式な反応は出していません。,3.5
また、小屋の中には物色されたような形跡もあったということです。,3.5
小平選手はこの種目ワールドカップで３勝目です。,3.5
小平選手はこの種目ワールドカップで３勝目です。,3.5
小平奈緒選手は、長野県出身の３１歳、日本女子の短距離のエースです。,3.5
システムは今後、本格的な実用化を目指して改良が続けられます。,3.5
「Ｎ７００系」の１６両編成で、先頭部分が１６号車、最後部が１号車です。,3.5
およそ１０００人の乗客は別の列車に乗り替えたということです。,3.5
ＪＲ西日本は「お客様に大変ご迷惑をおかけして申し訳ございません」としています。,3.5
ことしは、城の一部が壊れるなど大変な年でした。,3.5
この事態を非常に重く受け止め調査している。,3.5
また数時間あれば元の強さに戻ることも確認できたということです。,3.5
ほかの乗客たちの叫び声も聞こえていた。,3.5
かぜをひかないで元気に大きくなってほしいです。,3.5
日中の関係改善の機運が高まる中、友好の使者としての役割に期待を示しました。,3.5
参加した人は「仕事の合間に海を眺める楽しみができました」と話していました。,3.5
また、鶴竜については、１月の給与は全額支給しない減給の懲戒処分としました。,3.5
また、都内のＪＡＦには、この時期ドライバーからの通報が増えると言います。,3.5
東京 板橋区の総合病院では、年間１０００人余りの出産を受け入れています。,3.5
昨シーズンの世界選手権で８位に入賞し、オリンピックは初出場です。,3.5
前回のソチ大会では銅メダルを獲得しました。,3.5
男子ハーフパイプの平野歩夢選手は、新潟県出身の１９歳。,3.5
女子ハーフパイプの松本遥奈選手は、北海道出身の２４歳。,3.5
女子ハーフパイプの大江光選手は、富山県出身の２２歳。,3.5
女子ハーフパイプの今井胡桃選手は、長野県出身の１８歳。,3.5
女子ハーフパイプの冨田せな選手は、新潟県出身の１８歳。,3.5
とりわけ、ここ３試合はいずれも先発で、１ゴール、２アシストと好調です。,3.5
そのほか、２６歳の村上大介選手が８０．９９をマークし４位となっています。,3.5
男子シングル後半のフリーは、２４日に行われます。,3.5
がんばろうという気持ちのほうが強く、表現力もあまりよくなかったと思う。,3.5
新年は平和な年となるよう願いを込めて作りました。,3.5
またこの時期としては、過去５年間で最も高い水準になっています。,3.5
ことしは小麦粉やビールなど暮らしに身近な食品の値上げが相次ぐ予定です。,3.5
瓶ビールの場合で飲食店向けの卸売価格が１０％程度、値上がりする見通しです。,3.5
また、６人が救出され、病院で手当てを受けているということです。,3.5
文章は易しい日本語で書かれ、すべての漢字にふりがながふられています。,3.5
このうち「だいこん」は１キロ当たり２２４円と、平年の２．５倍。,3.5
光るつけまつげを開発したのは、立命館大学理工学部の道関隆国教授のグループです。,3.5
これは、前の年を２.６％下回って１３年連続で過去最低を更新しました。,3.5
このうち外国人旅行者の消費額は、去年、初めて４兆円を超えました。,3.5
ボンネットを開けるとネコは元気に飛び出し、そのまま走って逃げたということです。,3.5
訪れた人たちは珍しい光景に見入り、カメラで撮影していました。,3.5
訪れた人たちは珍しい光景に見入り、カメラで撮影していました。,3.5
栃ノ心はジョージア出身の３０歳。,3.5
旭天鵬は当時３７歳８か月で、史上最年長での初優勝となりました。,3.5
教会に行って神様に感謝の言葉を述べたいです。,3.5
組合では、キャンセルによる損失は３億円近くに上ると試算しています。,3.5
完熟のキウイのような今までにない味だ。,3.5
口に含んだ瞬間に肉汁があふれ出てとてもおいしいです。,3.5
客は、店の入り口にある券売機で飲み物のチケットを購入します。,3.5
月は、１日午前０時１１分ごろには再び地球の影から抜け、元の満月に戻りました。,3.5
ピョンチャンオリンピックは開幕まで２日で１週間です。,3.5
さっぽろ雪まつりは、今月１２日まで開かれています。,3.5
気象会社などは、今後も最新のデータに基づき開花予想を発表する予定です。,3.5
韓国で初めての冬のオリンピック、ピョンチャンオリンピックが９日に開幕します。,3.5
一方、今大会は、異例の事態も相次いでいます。,3.5
日本祭りは３月１８日まで行われ、開催期間中には書道や三味線なども紹介されます。,3.5
神奈川県小田原市の梅林で、早咲きの梅の花が見頃を迎えています。,3.5
梅まつりは来月４日まで開かれています。,3.5
もう少しのところで金メダルが取れなかったことは悔しい。,3.5
高木美帆選手は北海道出身の２３歳、日本女子の中長距離のエースです。,3.5
重要文化的景観に選定されるのは東京都内で初めてです。,3.5
羽生さんと井山さんは、表彰式のあと東京都内で記者会見しました。,3.5
それでも平野選手は、前回のソチ大会に続き２大会連続の銀メダルです。,3.5
銅メダルはオーストラリアのスコッティ・ジェームズ選手でした。,3.5
また、高木選手は、女子１５００メートルの銀メダルに続くメダル獲得です。,3.5
また、郷亜里砂選手は１分１５秒８４で１３位でした。,3.5
小平奈緒選手は長野県出身の３１歳。,3.5
また宇野昌磨選手が銀メダルを獲得しました。,3.5
スピードスケートの小平奈緒選手は長野県出身の３１歳。,3.5
周りが何も見えないくらいうれしくて、すべてが報われた気がする。,3.5
展示会は、今月２５日まで足立区役所で開かれています。,3.5
ＮＴＴが公開したのは、スポーツの競技の様子を立体的に映し出す技術です。,3.5
一方、新生児の死亡率が最も低かったのは日本で１０００人中０．９人でした。,3.5
しかし、追加点を奪うことはできず、試合終盤には失点を重ね、１対６で敗れました。,3.5
銀メダルはオランダ、銅メダルはアメリカでした。,3.5
この日の球速は１５６キロが最速でした。,3.5
追い込んでからのフォークボールは、いいコースに落ちていたのでよかったと思う。,3.5
金メダルという目標に届かなかった悔しさもあるので、４年後に向けて頑張りたい。,3.5
自分たちを信じてプレーすることができたと思います。,3.5
日本で隕石が確認されるのは１５年ぶりです。,3.5
「長良隕石」は２日からことし６月３０日まで、岐阜市科学館で展示されます。,3.5
房総半島の南部にある千葉県鋸南町で早咲きの河津桜が見頃を迎えています。,3.5
鋸南町の河津桜は、今月中旬まで楽しめるということです。,3.5
留学生は島の人たちからは貴重な働き手としても歓迎されています。,3.5
出雲大社で知られる島根県出雲市もその１つです。,3.5
外国人を地域の担い手として明確に位置づけました。,3.5
辻一弘さんは京都市出身の４８歳。,3.5
鳥居はことし５月にも建てられるということです。,3.5
展示会は、東京ビッグサイトで今月９日まで開かれています。,3.5
ただ、マリナーズが必要としていることがあれば何でもやりたい。,3.5
僕自身がやりたいこともたくさんあります。,3.5
今まで培ってきたすべてをこのチームにささげたい。,3.5
誰が見ても、世界一の才能と言ってもいいのだろうと思います。,3.5
すると、オランウータンはそのたばこを拾って吸い始め、煙を吐く姿も見せました。,3.5
決勝ラウンドはことし１０月から１１月にかけて行われる予定です。,3.5
会場周辺はここ数日断続的に雪となり、除雪が進められています。,3.5
私たちが行ったのは門戸を開く行為で、すでにこの協定に参加したいという国もある。,3.5
また今大会、日本勢最初のメダルとなりました。,3.5
村岡桃佳選手は２１歳の大学３年生。,3.5
まだ実感はわかないけど本当にうれしい。,3.5
前照灯には新たにＬＥＤライトが採用されています。,3.5
観光で漁港を訪れた人たちは巨大なマグロに驚きながら写真に収めていました。,3.5
それならば、最後も自分らしく攻めようと考えていた。,3.5
座って滑るクラスでは日本唯一の女子選手です。,3.5
そして１０日の滑降で、初めてのメダルとなる銀メダルを獲得。,3.5
さらにスーパー大回転とスーパー複合では銅メダルを獲得。,3.5
一方、最下位は、内戦へとつながる混乱が拡大してから７年となるシリアでした。,3.5
採決の結果、全会一致でカズオ・イシグロさんを名誉市民とすることが決まりました。,3.5
田村長官は「民泊の健全な発展のため官民で連携していきたい」と話していました。,3.5
ＮＴＳＢ＝国家運輸安全委員会は現場に調査員を派遣して崩落の原因を調べています。,3.5
気象庁は１７日午後、「東京でサクラが開花した」と発表しました。,3.5
東京のサクラの開花は、去年より４日、平年より９日、いずれも早くなっています。,3.5
決勝で戦ったダリア・カッサキーナ選手はすばらしい相手でした。,3.5
気象庁は、２２日から緊急地震速報に新たな予測手法を導入します。,3.5
白菜は平年の１.８倍の３４７円で、前の週より９％値下がりしました。,3.5
こうなったら１０個のギネス世界記録を目指します。,3.5
東京都は、家庭内でルールを設けることなどを呼びかけています。,3.5
家のフローリングの話をしていませんでしたか？,3.5
ご夫妻は現地時間の８日、ハワイをあとにし、９日に帰国されます。,3.5
そのおよそ１時間後に「濃い紫」が表示され始めたということです。,3.5
総務省は近く取りまとめの結果を公表することにしています。,3.5
暗闇で経験不足もあったし、洞窟の中の水の量も予測できなかった。,3.5
それでも、この13人の命を絶対に助けなければならなかった。,3.5
価格は3900円だということです。,3.5
価格は3900円だということです。,3.5
新しく開発された防犯ブザーは、一見、それとはわからないデザインになっています。,3.5
日本企業には社員を成長させようという雰囲気があり、魅力的だ。,3.5
広島県による無償の朝食の提供事業が始まったのは、廿日市市の阿品台東小学校です。,3.5
世界の多くの女性たちを魅了してきたフランスの香水。,3.5
「百貨店で化粧品を買ったが免税の書類がもらえなかったので返品したい」。,3.5
いずれも、全国の消費生活センターに寄せられた外国人観光客からの相談です。,3.5
ことしも3000万人を超える勢いだということです。,3.5
鳥取県を代表する冬の味覚、カニのだし汁を飲める蛇口が、米子空港に登場しました。,3.5
海水浴やサーフィンなどで私たちに身近な砂浜が危機にひんしています。,3.5
砂浜の消失や減少の影響で高波が押し寄せ、建物などに被害が出た地域があります。,3.5
その後、福祉館の割れたガラスの撤去作業などを行ったということです。,3.5
砂浜の消失や減少が進むことで、高波が住宅地にどのような影響を与えるのか。,3.5
そこに、特殊な装置で人工的に高波を作り、流し込みます。,3.5
座席数は520席で、現在、ハワイ便の主力である機体の２倍以上になります。,3.5
流行期入りの発表は昨シーズンと比べて２週間遅く、例年並みだということです。,3.5
来年の年賀状の受け付けが15日から全国一斉に始まります。,3.5
アメリカは、今回の交渉でも脱退の方針に変わりはないことを強調しました。,3.5
ことし日本を訪れた外国人旅行者が、18日初めて3000万人を突破しました。,3.5
平成20年には観光庁が設立され、外国人を呼び込む取り組みが強化されました。,3.5
外国人旅行者の増加は、国内の消費や地域の経済にも影響を与えるようになりました。,3.5
一方で、外国人旅行者の急増で地域への影響を懸念する声も出始めています。,3.5
さらに、反則金の限度額についても大幅に引き上げるということです。,3.5
そばの需要が高まる年の瀬を迎えて国産のそばの価格が上昇しています。,3.5
十分な収穫量があった４年前と比べると実に2.3倍に跳ね上がりました。,3.5
価格高騰の余波はほかの産地にも広がっています。,3.5
仕入れ価格は３割程度上がったということです。,3.5
しかし、こうした対策だけでは上昇した分のコストを吸収しきれないということです。,3.5
大統領はＦＲＢと個人的に戦っていて、株価が大幅に下落している。,3.5
これに対し、幼稚園では2.04％と最も少なくなりました。,3.5
その結果、全員の賛成を得て、初の推薦棋士に選ばれました。,3.5
その一つが、顔認証技術を活用し、出入国審査を自動で行うゲートの拡充です。,3.5
車両は大崎駅を出発し、１周34.5キロを２周します。,3.5
いま一緒にいる人とうまくやるのがいちばんいい。,3.5
吉田沙保里選手は、三重県出身の36歳。,3.5
もう１点は、去年大きな波紋を広げたレスリングのパワーハラスメント問題です。,3.5
父親の栄勝さんが開いていた自宅の道場で３歳からレスリングを始めました。,3.5
北海道函館市のご当地グルメ、塩ラーメン。,3.5
函館市のご当地グルメと言えば、全国的にも知られている塩ラーメンです。,3.5
シートカバーも、ラーメンマークの入った特注品です。,3.5
これは５年前と比べて３万1000人余り増えていて、およそ２倍になっています。,3.5
職場の写真も一緒に載せ、具体的なイメージを持ってもらえるよう工夫しています。,3.5
裁判所の決定について、日産の広報部は「コメントする立場にない」としています。,3.5
シミュレーションを通じてそれを事前に把握してほしい。,3.5
大相撲の横綱 稀勢の里が現役を引退することになりました。,3.5
これは、稀勢の里の師匠の田子ノ浦親方が明らかにしました。,3.5
北海道で栽培されているカラフルなじゃがいも。,3.5
「十勝ポテトフラワー」は十勝産のカラフルなじゃがいもを活用した取り組みです。,3.5
「ポテトフラワー」には地元の生産者も期待を寄せています。,3.5
甲賀さんの取り組みのこだわりは “地元 十勝からの発信” です。,3.5
地元の食材で食卓に彩りを添えるこの取り組み。,3.5
大相撲の横綱・稀勢の里が16日に現役を引退しました。,3.5
人気のある横綱だけに残念で、もう一度復活してほしかった。,3.5
けががよくなれば、まだまだ相撲を取れたと思います。,3.5
「水」のブランドが販売トップになるのは、今回が初めてです。,3.5
都は今後、この絵がバンクシーの作品かどうか、調べることにしています。,3.5
政府はエネルギー政策の中で原発を「重要なベースロード電源」と位置づけています。,3.5
日立製作所がアングルシー島で進めてきた原発の建設計画もその１つでした。,3.5
また、中国はイギリスのほかの計画にも出資していて、存在感が強まっています。,3.5
また、この事故で別の車に乗っていた２人が軽いけがをしたということです。,3.5
逮捕されたのは、那珂川市に住む自称・会社員の62歳の男です。,3.5
北海道の▽アトサヌプリ、▽雌阿寒岳、▽十勝岳、▽樽前山。,3.5
貨物便を除くと週、277便が増えるということです。,3.5
さらに、警備員が胸に装着したスマートフォンの映像もリアルタイムで確認できます。,3.5
対局は２時間近くで終わり、チェ九段が勝ちました。,3.5
リュウグウノツカイの標本の展示は、来月にも始まるということです。,3.5
警察は26日までに男性を訪ねこの方針を伝えたということです。,3.5
盗まれそうになった黒色のレクサスは、手前の白いバンの奥にあります。,3.5
レクサスのドアのロックが解除されたことを示すランプが点滅します。,3.5
しかし、このあと玄関前にいた男は、慌てた様子でその場から走り去ります。,3.5
照合が行われた状態でドアハンドルを触ると、ロックは解除されます。,3.5
ところが、「リレーアタック」はこのスマートキーの特性を悪用します。,3.5
もう１人は、玄関のすぐ近くでこの電波を家の中のスマートキーに「中継」します。,3.5
電波をリレーのようにつなぐことから、「リレーアタック」と呼ばれています。,3.5
一方、自分でできる対策もあります。,3.5
見栄えはあまりよくありませんが、家庭で使うアルミホイルに包む方法です。,3.5
今や孫も入れると60人の大家族です。,3.5
最近、日本でペットとして人気が高まるカワウソ。,3.5
小さなプロジェクトだが、巨大プロジェクトでも得られない偉業を達成できた。,3.5
観測装置の開発費がおよそ350万円という低予算だったことも注目されています。,3.5
撮影に使ったビデオカメラも既製品で、メンバーが取り付けから改良まで行いました。,3.5
観測方法の工夫も成果につながりました。,3.5
およそ2000の恒星を60時間かけて動画で撮影し、光の強弱を観測。,3.5
およそ46億年前に誕生した太陽系。,3.5
その後、ちりやガスは直径２キロから20キロ程度の小さな天体となりました。,3.5
研究グループでは今回、直径およそ20キロ以下の小天体の数の試算も行いました。,3.5
味はチーズ味と牛タン味の２種類で、ＪＲ仙台駅の土産物店などで販売されています。,3.5
こうした動きを加速するため、品川区は新たな支援策をまとめました。,3.5
さらに、エンジニアの獲得に向けた費用の一部も助成するとしています。,3.5
今度は家族と一緒にいろいろな競技を応援したい。,3.5
東京オリンピックの観戦チケットは、全体でおよそ780万枚に上ります。,3.5
開閉会式の最も安い座席やすべての競技の予選が中心になります。,3.5
開閉会式とすべての競技が対象になります。,3.5
座席の番号が決まるのは、来年の春以降になるということです。,3.5
「バドミントン」は4000円から４万5000円となっています。,3.5
二ホンヤマネは、体長８センチほどのネズミやリスに似た哺乳類の小動物です。,3.5
このうち静岡県島田市の「カネイ一言製茶」は、初めて見本市に参加しました。,3.5
警察はジャガイモに手りゅう弾が混じった経緯などを調べることにしています。,3.5
イタリア人の男子学生は、「日本のごはんは甘くておいしいです」と話していました。,3.5
雪印メグミルクが牛乳などを値上げするのは４年ぶりです。,3.5
牛乳などは、明治や森永乳業もことし４月の値上げを発表しています。,3.5
「障害者世帯」や「母子世帯」などそのほかの世帯では減少傾向が続いています。,3.5
チョコレート風呂は来月17日まで楽しめます。,3.5
このゴム素材で袋をつくると、穴があいても自然に塞がると言うことです。,3.5
研究を行ったのは、大阪市立大学大学院理学研究科の幸田正典教授らのグループです。,3.5
ほかの利用者や職員は症状が回復しているということです。,3.5
大阪府教育庁は、平成25年度に「スクールロイヤー制度」を導入しました。,3.5
今年度、府は100万円の予算をつけています。,3.5
必要なことはしっかり行う姿勢を示しながら是々非々で回答することが大切だ。,3.5
航空業界では全日空も同様のスーツを導入し、省力化を進めています。,3.5
住民たちは「これほど多くのクマが町に現れたのははじめてだ」と話しています。,3.5
最大で10の言語の音声を同時に認識できる技術を大手電機メーカーが開発しました。,3.5
東京都は、11日から都内でスギ花粉が飛び始めたと発表しました。,3.5
移植を待っている患者さんは国内におよそ1500人います。,3.5
所得税や住民税の配偶者控除を受けることもできません。,3.5
その後、2001年にオランダが世界で初めて同性婚を認めました。,3.5
「医師少数県」に指定されるのは次の16の県です。,3.5
「医師多数都府県」に指定されるのは次の16の都府県です。,3.5
ヨーロッパ向けの自動車は日本や中国からの輸出に切り替えるということです。,3.5
現在、イギリスとＥＵ加盟各国との貿易では関税はかかりません。,3.5
広げた状態では３つのアプリを同時に実行できるのが特徴です。,3.5
去年１年間に起きた特殊詐欺の被害額は全国でおよそ357億円に上っています。,3.5
また５Ｇにはほかにも２つ、大きな特徴があります。,3.5
もう一つが、狭いエリアでより多くの機器を同時に接続できることです。,3.5
青森県東方沖および岩手県沖北部の領域で起きる大地震です。,3.5
この地震も激しい揺れを伴わず津波を引き起こすことがあります。,3.5
頼んだものと違う料理が来ても「ま、いっか」と受け止めてください。,3.5
このマンションは、ネコと飼い主のためにさまざまな工夫がされています。,3.5
子育て中の家庭から要望が出ていた赤ちゃん用の液体ミルクが今週、発売されました。,3.5
伊東大貴選手は上位30人が進む２回目に進めませんでした。,3.5
ＮＴＴ東日本は子ども向けに公衆電話の使い方を教えるホームページを開設しました。,3.5
東日本大震災と東京電力福島第一原子力発電所の事故の発生から11日で８年です。,3.5
灯籠は、午後11時までともされることになっています。,3.5
それは世界の人々のために働き、世界をよりよくしたいという気概だ。,3.5
これは、都内で開かれたシンポジウムでトヨタとＪＡＸＡが明らかにしました。,3.5
目的の１つは水などの資源探査です。,3.5
また鉱物資源も期待されています。,3.5
このほか、さらに先を見越した研究も始まっています。,3.5
職員室では朝から次々と電話が鳴る中、教員たちが対応に追われていました。,3.5
これを前に15日、政令と法務省の省令が公布されました。,3.5
公布された政令と省令は、法務省のホームページにも掲載されています。,3.5
洋菓子のバウムクーヘンが日本で初めて紹介されてからことしで100年となります。,3.5
これまでの世界記録は17メートル44センチでした。,3.5
一方、現地では犠牲者やその家族に寄り添う動きも出ています。,3.5
キトラ古墳で最初の壁画が発見されたのは、昭和58年です。,3.5
日本ではいずれも一般には流通していないとされています。,3.5
沖縄防衛局の調査によりますと、沖縄本島周辺では数頭しか確認されていません。,3.5
オランダ中部のユトレヒトで18日午前、男が路面電車の車内で銃を発砲しました。,3.5
こうした岩石が含水鉱物と呼ばれるものです。,3.5
その結果、特定の波長で赤外線の吸収を示す顕著なデータが出たということです。,3.5
このほかイギリスが15位、アメリカが19位でした。,3.5
そして試合後、東京ドーム近くのホテルで記者会見を開きました。,3.5
ショックですが、野球の本場でよく頑張ってくれたと思います。,3.5
きょうの試合ではかみしめてプレーしているんだなと思いました。,3.5
東京・池袋に線路をまたぐ形の珍しい高層ビルが完成しました。,3.5
来月設けられる新たな在留資格「特定技能」も今後、対象に加えられる見通しです。,3.5
ことしは、ここ数日で開花が進み27日、満開となりました。,3.5
一方、行政機関の間では、国際化が進む中で和暦と西暦を併用する動きも出ています。,3.5
菅官房長官は、新元号は「令和（れいわ）」と発表しました。,3.5
この時期までに1000人を超えるのは、大きな流行になった平成25年以来です。,3.5
トヨタは、他社に技術的な支援を行う事業にも乗り出すとしています。,3.5
現時点で５Ｇが利用できるスマートフォンは、モトローラ製の１機種だけです。,3.5
名前を呼んでもそっけないそぶりを見せることの多い、ネコ。,3.5
ネコは自分の名前が分かるのか、それとも音に反応しているだけなのか。,3.5
しかし、試験を受けたいという外国人の応募が国の想定を上回る事態となっています。,3.5
動画について、渋谷のスクランブル交差点近くで話を聞きました。,3.5
福島県三春町で、国の天然記念物に指定されている「滝桜」の開花が宣言されました。,3.5
東京オリンピックなどを控えテロを封じ込めるための新たな対策です。,3.5
紙幣のデザインが一新されるのは、平成16年以来となります。,3.5
それを見るのは非常に悲しいことで、本当にうんざりさせられている。,3.5
福島第一原発が立地する大熊町と双葉町で避難指示が解除されたのは初めてです。,3.5
また、ファミリーマートも店の増加数を100店にとどめる計画です。,3.5
空の便の混雑予想は来週19日に発表される予定です。,3.5
東海道・山陽新幹線は午後はほぼ満席となっています。,3.5
一方、上り線は来月４日と５日がピークとなる見込みです。,3.5
追悼式は午前10時から始まり、参列した遺族など全員で黙とうをささげました。,3.5
南阿蘇村は60年間、妻と過ごしてきたふるさとです。,3.5
そして、参列者が順番に祭壇に歩み花を手向けていました。,3.5
外国人材の受け入れを拡大する背景には、各業界での深刻な人手不足があります。,3.5
該当の商品は、即日、販売を停止しました。,3.5
数日後には、おわびとしてお菓子を持ってきたということです。,3.5
▽張本智和選手が17歳でメダル獲得を目指す男子シングルスは７月31日夜。,3.5
▽日本勢の層の厚い女子ダブルスは８月３日午後。,3.5
▽内村航平選手のオリンピック３連覇のかかる個人総合が７月29日夜。,3.5
《空手》日本勢の金メダル獲得に期待がかかる新競技です。,3.5
▽喜友名諒選手の男子の形が８月７日午後。,3.5
皇位継承に伴う10連休を前に政府は、企業などの対応策を公表しました。,3.5
火災に遭ったノートルダム大聖堂は、パリの発展とともに歴史を刻んできました。,3.5
はしかの感染が世界的に急増しています。,3.5
両陛下は、午後には、伊勢神宮の内宮に参拝されます。,3.5
来年の東京オリンピックの観戦チケットの公式販売サイトが18日開設されました。,3.5
今回販売されるチケットの抽せん結果は６月20日に発表されます。,3.5
日本棋院も協力体制に加わり、プロ棋士もアドバイザーとして参加します。,3.5
そして出発から55日目の20日午前９時すぎ、いわき市の小名浜港に到着しました。,3.5
来週から始まる10連休中の全国のホテルや旅館の空き状況の調査がまとまりました。,3.5
警察は、同じクマの可能性が高いとみて、パトカーで警戒し注意を呼びかけています。,3.5
公園では、写真に関心を持った人にゴリラの保護のための寄付を呼びかけています。,3.5
映像は今月20日、三宅島の西側、錆ヶ浜港の岸近くの沖合で撮影されました。,3.5
また、これまでに81人がケガをして病院で手当てを受けているということです。,3.5
初めての世界大会は８月18日に開かれます。,3.5
家族の中に運転に不安のある人がいるなら、いま一度家族内で考えてほしい。,3.5
原爆資料館の本館は25日午前８時半にリニューアルオープンします。,3.5
その結果、原爆資料館が想像もしていなかった事実に直面します。,3.5
展示は４つのコーナーに分かれ、訪れた人が最初に見るのは「８月６日の惨状」です。,3.5
令和の初日の出を眺める記念フライトが行われました。,3.5
北海道根室市の納沙布岬には、令和の初日の出を見ようと多くの人が集まりました。,3.5
貼った後は、上から服などをかけても大丈夫です。,3.5
鹿の赤ちゃんは来月１日から施設で一般に公開されます。,3.5
日本の上場企業で年間の売り上げが30兆円を超えたのは初めてです。,3.5
イカ焼き店の一角には祭壇が設けられ、訪れた人たちが花を手向けています。,3.5
昨年度は１匹になったということです。,3.5
残りの71分野は中国が１位となり、米中が首位を独占しました。,3.5
その後、操縦をやめると、警察官が近づいてきました。,3.5
都市部の人口密集地などの上空では、原則、ドローンの飛行が禁止されています。,3.5
世界文化遺産登録を応援していただいている皆様に厚くお礼を申し上げます。,3.5
横浜市の外国人の人口が先月末、初めて10万人を超えました。,3.5
聖火台は15日に盛岡市に運ばれるということです。,3.5
残りの13校も「20分」でした。,3.5
メッセージの一部は一般募集を検討しているということです。,3.5
走行試験は仙台と新青森の間で今後３年間行われる予定です。,3.5
どこでも起きている普通のことじゃないですか。,3.5
ネットなんか見たことないからうれしかった。,3.5
しかし、入試に使われると思うと、満点の４分の１もの点が付いているのは疑問だ。,3.5
▽「ＴＯＥＦＬ ｉＢＴ」は、大卒以上で英語の指導経験があるなどとしています。,3.5
今回の認定で、日本遺産は合わせて83件となります。,3.5
「未来問」と名付けられたこのＡＩは、東京のベンチャー企業が開発しました。,3.5
「ＳＯＭＰＯホールディングス」が4988億円でした。,3.5
しかし、プロ入りするまでの道のりは、平たんではありませんでした。,3.5
さらに大学受験に失敗し、19歳の時に１年間の浪人生活を経験しました。,3.5
上原投手は「雑草魂」の信念をベテランになってからも忘れませんでした。,3.5
監督時代に20勝したルーキーシーズンは、今でも忘れられない。,3.5
まだ若いし後輩たちに教えることはいっぱいある。,3.5
仲よくなったのは巨人に入ってから。,3.5
現地調査は、今月24日まで行われる予定です。,3.5
裁判員制度が始まって21日で10年になります。,3.5
一方で、放火事件では刑が軽くなる傾向がみられます。,3.5
最初の合格者として、ほかの外国人従業員の指導役になってほしいと期待しています。,3.5
視角に障害がある人に音で信号が青になったことを知らせる「音響式信号機」。,3.5
アメリカ大統領の来日としては過去最大規模となります。,3.5
大相撲夏場所の千秋楽を観戦する国技館でも、警備上の対策が求められています。,3.5
国技館はすり鉢状になっていて、四方だけでなく上からの警戒も必要となります。,3.5
今後、第２話と第３話が順次制作される予定です。,3.5
このあと宮殿の「竹の間」で、両陛下と大統領夫妻の会見が行われました。,3.5
皇居では27日夜、両陛下の主催で歓迎の晩さん会が開かれます。,3.5
市場の関係者によりますと、多くは缶詰などの加工用として使われるということです。,3.5
気象庁が発表する大雨や洪水の警報はレベル３に相当します。,3.5
土砂災害警戒情報や氾濫危険情報がレベル４にあたります。,3.5
発表される情報や住民が取るべき行動は次のとおりです。,3.5
キーワードは「高齢者など避難」です。,3.5
高齢者などに限らず、対象地域の全員が避難する段階です。,3.5
このレベル４の段階で避難することが重要です。,3.5
少しでも命が助かるような行動を取ってください。,3.5
防災心理学の専門家は、わかりやすくなる一方で、課題も残ると指摘しています。,3.5
この研究結果は、イギリスの科学雑誌「ネイチャー」に掲載されています。,3.5
日販によりますと、上半期ベストセラーの１位から10位は以下のとおりです。,3.5
落下はせず、けが人はいませんでした。,3.5
背景には、永住外国人の急増を防ぐねらいがあるものとみられます。,3.5
「ハイヒールやパンプスを履くことを、職場などで強制される現状を変えたい」。,3.5
名称は特徴を端的に表していて覚えやすいと思う。,3.5
水素を一度満タンにすると、約140キロの走行が可能です。,3.5
千葉県立中央博物館では６日からこの標本を一般に公開することにしています。,3.5
「オオスナモグリ」とみられる生物の発見には、研究者たちの連携がありました。,3.5
なぜ、「ここにいてはダメです」といった自治体としては異例の表現をつかったのか。,3.5
これは、両社が５日記者会見して正式に発表しました。,3.5
その中で期待されているのが、「再生ペットボトル」です。,3.5
そして、この原料を使って再び新しいボトルに再生させます。,3.5
本格的な夏の到来を前に埼玉県春日部市で麦わら帽子の生産が盛んに行われています。,3.5
この工房の麦わら帽子の生産は、今月いっぱい、続くということです。,3.5
ラグビーワールドカップ日本大会の開幕まで100日余りになりました。,3.5
一方で、ビールの「飲み放題」サービスの取りやめを決めた店も出ています。,3.5
また、警察は参加者の一部を拘束したということです。,3.5
日本で大がかりな識字調査が行われたのは終戦後の1948年にさかのぼります。,3.5
その後、警備などの仕事をしましたが、20歳の時に体調を崩して、退職しました。,3.5
そのため、今回の調査は日本人だけでなく、外国人も対象となる。,3.5
最大で５人まで乗ることができ、水深100メートルまで潜水可能だということです。,3.5
事故当時、現場周辺は雲に覆われ雨が降っていました。,3.5
すでに飼われている犬や猫への装着は努力義務としています。,3.5
一方、動物虐待罪などの厳罰化も盛り込まれています。,3.5
キノコ雲の下にいたのは、兵士ではなく市民でした。,3.5
スマートフォンを活用して給料を前払いで受け取れるサービスが広がっています。,3.5
女子パークで優勝した岡本碧優選手は、岐阜市の中学校に通う中学１年生です。,3.5
岡本選手が通う岐阜市立長森南中学校では、喜びの声が聞かれました。,3.5
大阪府北部で震度６弱の揺れを観測した地震から18日で１年です。,3.5
そして19日の参議院本会議で採決が行われ、全会一致で可決・成立しました。,3.5
家屋倒壊や火災の情報は入っていない。,3.5
都市ガスの供給停止は発生していないし、ガス漏れもない。,3.5
各地で発生した災害の記録を石に刻むなどして残す伝承碑。,3.5
部活動もカリキュラムの中での位置づけを見直すなどまだ改善の余地はあると思う。,3.5
東京オリンピックの観戦チケットの抽せん結果が、20日発表されました。,3.5
高知県は20日、詳しい結果を公表することにしています。,3.5
彼がＮＢＡ行きの背中を押してくれて彼を信じてやってきた。,3.5
彼の今までの努力が報われ、本当に嬉しいです！,3.5
このうち日本から参加した政府と連合は支持に回った一方、経団連は棄権しました。,3.5
そのサクラマスを待ち受ける難所が、高さ3.7メートルの「さくらの滝」です。,3.5
サクラマスのジャンプは、８月上旬まで観察することができます。,3.5
このうち、聖マリアンナ医科大学だけがこうした指摘を否定しています。,3.5
去年、女子の合格率が上回っていたのは２つの大学だけでした。,3.5
新たな制度はアメリカだけでなく、日本を含む世界で一斉に、即日導入されます。,3.5
このチームが交渉の詳細を詰めていく。,3.5
富士山は１日、山梨県側で山開きを迎えました。,3.5
山梨と静岡にまたがる富士山は１日、山梨県側でことしの山開きを迎えました。,3.5
立法会の周辺では、大勢の若者たちが、バリケードを作って道路を占拠していました。,3.5
災害への備えを確認し、３日は早めの避難を心がけてください。,3.5
冠水した道路を移動するのは避けてください。,3.5
ただし、これはあくまでも最後の手段です。,3.5
状況が悪化してからの避難は大きな危険を伴います。,3.5
とにかく早めの行動を心がけ、避難するようにしてください。,3.5
歯磨き嫌いの子どもを減らそうと、歯に触れると音楽が流れる歯ブラシができました。,3.5
歯ブラシをスマートフォンにつないで好きな音楽を選びます。,3.5
歯ブラシ本体はライオンが提供しました。,3.5
厳重に警戒し、安全な場所で避難を続けてください。,3.5
安全な場所で避難を続けてください。,3.5
十分に注意して行動してください。,3.5
ただし、これはあくまでも最後の手段です。,3.5
有給休暇の積極的な活用も促します。,3.5
昨年度の国内のパソコンの出荷台数が５年ぶりに前の年度を上回りました。,3.5
対局のあと開かれた記者会見には、およそ60人の報道陣が集まりました。,3.5
富士山では10日には静岡県側も山開きを迎えます。,3.5
カレーの本場インドに日本のカレーチェーンが進出します。,3.5
このスペースは今月16日にオープンします。,3.5
当時の祖先たちも同じようにやらなければ島にたどり着けなかったと思う。,3.5
料理をするロボットが大きく進化しています。,3.5
一方、減少数が最も多かったのは北海道のおよそ３万9000人でした。,3.5
横浜市が人口を大きく伸ばした要因は外国人の増加です。,3.5
この年の「厚生白書」は、日本は平成19年をピークに人口減少に転じると予測。,3.5
しかし、平成17年には合計特殊出生率が過去最低の1.26を記録。,3.5
ＪＡＸＡはこのあと記者会見を開き、着陸時の状況を説明することにしています。,3.5
みなさん、ここまで素晴らしい誘導をありがとうございました。,3.5
そして、カメラに向かって笑顔でポーズをとる様子が見られました。,3.5
「令和硬貨」は今後、２つの支局でも製造されます。,3.5
「なつの鹿寄せ」は９月22日まで、毎週日曜日の午前９時半から行われます。,3.5
第８シードの望月選手はスペインのカルロス・ヒメノバレーロ選手と対戦しました。,3.5
気象庁は引き続き、農作物の管理などに十分注意するよう呼びかけています。,3.5
ほかの製造業に就職した場合でも、半額は免除されるということです。,3.5
この時期としては過去10年で最も大きな流行となっています。,3.5
エミー賞の発表と授賞式は現地時間の９月22日にロサンゼルスで行われます。,3.5
東京オリンピックの開催までまもなく１年になります。,3.5
最高速度は時速19キロで１回の充電でおよそ100キロ走行できるということです。,3.5
▽国民民主党は選挙区３、比例代表３の合わせて６議席を獲得しました。,3.5
▽共産党は選挙区３、比例代表４の合わせて７議席でした。,3.5
▽無所属は９議席となっています。,3.5
ＩＡＥＡは22日、天野事務局長が今月18日に死去したことを明らかにしました。,3.5
京都アニメーションの八田英明社長が22日夜、ＮＨＫにメッセージを寄せました。,3.5
今、この瞬間も病院で苦しみ、精一杯生きようとしている仲間たちがいます。,3.5
また、ＥＵは離脱協定案の再交渉には応じないとしていて事態はこう着しています。,3.5
その結果、本当に長い間、皆様に大変な苦痛と苦難を強いることとなってしまった。,3.5
逮捕されたのは、住所・職業不詳の高野英之容疑者（49）です。,3.5
暑さ対策の最新の商品を集めた展示会が都内で開かれています。,3.5
働き方改革はどの程度進んでいるのか。,3.5
戦没者の遺骨を取り違えていた疑いが明らかになりました。,3.5
また痛くないと言っても、検査をするとひじの骨が変形していることがたくさんある。,3.5
有識者会議ではことし11月下旬までに議論をまとめ、提言を行うことにしています。,3.5
気象庁によりますと台風８号は日本の南の海上を西寄りに進んでいます。,3.5
最新の情報に注意するとともに、台風が近づく前の日中のうちに備えを進めて下さい。,3.5
気象庁は今後の情報に注意するよう呼びかけています。,3.5
渋野日向子選手は岡山市出身の20歳。,3.5
台風は、このあとも九州を北西に進み、６日夜には対馬海峡に進む見込みです。,3.5
先週は全国各地で気温が35度を超えるなど、猛烈な暑さが続いていました。,3.5
台風８号は、九州の北の海上を北西へ進んでいます。,3.5
この迷路は無料で、今月末ごろまで楽しめるということです。,3.5
長崎に原爆が投下されてから９日で74年です。,3.5
姉も生きていればと思い、いつも涙が出てくる。,3.5
若い人には、原爆で亡くなった人がどんなに苦しかったかわかってほしいです。,3.5
今月１日現在でＩＤの登録者数はおよそ760万人にのぼっています。,3.5
また、主力のちゃんぽんとギョーザのセットも10円値下げして690円にしました。,3.5
去年は１年間で１万1947人で、ことしは早くもこれに迫ろうとしています。,3.5
氷のプレゼントは、15日も午後２時から行われる予定です。,3.5
台風は、今後も北上を続け、15日日中、西日本に上陸し、縦断する見込みです。,3.5
安全な場所にすでに避難している人は、引き続き避難を続けてください。,3.5
ことしは台風10号の影響で宮崎県の遺族など64人が急きょ出席を見送りました。,3.5
私のような悲しい人がいっぱいいる。,3.5
秋の味覚、サンマ漁がことしもピンチです。,3.5
その時は日本にはＢ29が２、３回しか飛んできていない頃でした。,3.5
片渕須直監督は、特別上映のあいさつを前にＮＨＫのインタビューに応じました。,3.5
天皇陛下の祖父、昭和天皇の実像に迫る第一級の資料です。,3.5
訪れた人たちはサツキが近くに来ると歓声を上げ、写真を撮っていました。,3.5
くじらと泳げる海水浴場は19日まで無料で開かれています。,3.5
調査は今月28日からおよそ３週間、相模湾沖や房総半島沖などで行われます。,3.5
プラスチックごみによる海洋汚染は世界的な課題となっています。,3.5
日韓関係の悪化で、北海道を訪れる韓国からの観光客の減少が懸念されています。,3.5
厳しい暑さが続く中、流通大手は早くも冬物商戦を始めました。,3.5
流通大手「イオン」は19日、東京・板橋区の店舗で冬物商戦の発表会を開きました。,3.5
会社によりますと、冬物の商品の販売は例年９月下旬ごろから始めるということです。,3.5
韓国側による協定の破棄で、日韓の対立は安全保障分野にも波及することになります。,3.5
マリモは大きなもので直径20センチ以上ありました。,3.5
南米の熱帯雨林、アマゾンでは、森林火災が記録的なペースで発生しています。,3.5
ブラジルには世界最大の熱帯雨林、アマゾンの３分の２以上が広がっています。,3.5
公的年金の将来の給付水準の見通しを示す「財政検証」の結果が公表されました。,3.5
その結果、別の車両の台車でも長さ10センチ弱の亀裂が見つかったということです。,3.5
運輸安全委員会はトラブルの原因について調査を継続することにしています。,3.5
この大きな変化に対応できるかどうかが大きな分かれ目になろうとしています。,3.5
年齢別では０歳と１歳がそれぞれ４人、６歳が１人でした。,3.5
この便に乗るために韓国に旅行して乗り継ぎました。,3.5
Ａ350型機の特徴の１つが快適性です。,3.5
また、すべての席にディスプレーや充電器が備え付けられています。,3.5
一方、コックピットには最新の装備が備えられています。,3.5
消費税率の10％への引き上げまであと１か月となりました。,3.5
レジは作業員が１台ずつ組み立てたうえで動作の確認も行っています。,3.5
「日韓交流おまつり」は今月28日からは東京でも開かれる予定です。,3.5
家にいるような安心感があって子どもにとっても両親にとってもよいと思います。,3.5
一方、亡くなった人の多くは１階で寝ていたとみられています。,3.5
消防によりますとこれまでに17人がけがをしたという情報があるということです。,3.5
警察や消防が詳しい状況を調べています。,3.5
震度７の揺れを観測した北海道地震から６日で１年になりました。,3.5
映画は、今月26日までの期間限定で公開されます。,3.5
ＲＳウイルス感染症の患者が全国で増えています。,3.5
冬場にかけてまだまだ注意が必要です。,3.5
来月に迫った消費税率の引き上げでは、初めて「軽減税率」が導入されます。,3.5
そして、多くの路線では運転再開するまでに、午前中いっぱいかかりました。,3.5
昨夜のうちにＪＲや私鉄各社が相次いで発表した「計画運休」。,3.5
日産自動車の西川廣人社長が来週、辞任することになりました。,3.5
対象となる幹部はこの期間の中で権利を行使する日を設定することになります。,3.5
きょう発足する改造内閣を数字で見てみます。,3.5
最高齢は麻生太郎氏と竹本直一氏で78歳。,3.5
最年少は小泉進次郎氏で38歳です。,3.5
参議院からの入閣は橋本聖子氏と衛藤晟一氏の２人で、改造前より１人減りました。,3.5
衆議院議員の閣僚を当選回数別にみますと、最も多いのは麻生太郎氏の13回。,3.5
石原派も前回に続いて入閣はありませんでした。,3.5
世界有数のゲームの展示会、「東京ゲームショウ」が始まりました。,3.5
東京ゲームショウは14日から２日間、一般向けに公開されます。,3.5
常連客は「30年以上通ってきたので本当に寂しいです」などと話していました。,3.5
電車で通勤・通学する人たちを悩ませている痴漢の被害。,3.5
サイトを作ったのは社員３人のベンチャー企業「キュカ」です。,3.5
音を出したり警察に通報したりするような機能はあえて付けませんでした。,3.5
開始から１か月で通報したり閲覧したりした利用者はおよそ３万人。,3.5
これらの情報は、それぞれのホームページで確認できます。,3.5
この病気にかかったスギは表面にできる特有の溝で見分けることができます。,3.5
判決で、東京地方裁判所の永渕健一裁判長は３人全員に無罪を言い渡しました。,3.5
東京電力の旧経営陣３人は堅い表情で法廷に入り、弁護士の隣に並んで座りました。,3.5
ラグビーワールドカップ日本大会はアジアで初めて開催される大会です。,3.5
そして、同じヨーロッパ勢のアイルランドが初めて１位になって大会を迎えます。,3.5
こうした世界の強豪たちの争いに日本代表がどこまで食い込めるのかも注目です。,3.5
ラグビーワールドカップ日本大会が20日、開幕します。,3.5
有楽町駅前の会場は、大会の48試合すべてを生中継するということです。,3.5
消費税率の引き上げまであと１週間になりました。,3.5
すべての未来の世代の目はあなた方に向けられています。,3.5
しかし、その後の釜石のラグビーは低迷期が続きます。,3.5
この後、同席した茂木外務大臣が記者会見し、合意内容を明らかにしました。,3.5
大阪・守口市の男性が卵から育て、ことし６月に羽化しました。,3.5
今も５人の行方がわからなくなっています。,3.5
現地では朝早くから慰霊碑の前で手を合わせる登山者の姿も見られました。,3.5
金品の返還を申し出たが、厳しい態度で拒まれた。,3.5
葬儀には役場のＯＢなど、多くの地元の人たちが参列したということです。,3.5
星稜高校は１対３で敗れ、奥川投手は高校最後の試合となりました。,3.5
これまでと違って野球が仕事になるので、覚悟が必要だと思う。,3.5
消費税率の引き上げに伴ってタクシーの運賃は、10円単位で値上げされます。,3.5
引き上げられるのは１日の午前０時です。,3.5
電気・ガス料金は、法律に基づいた経過措置が適用されます。,3.5
こうした場合、消費税率は８％のままで据え置かれます。,3.5
ＡＩ＝人工知能が天体観測の常識を変えるかもしれません。,3.5
その膨大なデータを解析するのはＡＩ＝人工知能です。,3.5
消費税率は、１日８％から10％に引き上げられました。,3.5
また、江沢民元国家主席、胡錦涛前国家主席ら、引退した指導者の姿も見られました。,3.5
日高市の500万本のヒガンバナは、今月６日ごろまで楽しめるということです。,3.5
左足を大きく上げる投球フォームから160キロを超えるストレートを投げ込みます。,3.5
日本の航空会社のある取り組みが海外のメディアやＳＮＳで注目を集めています。,3.5
カレーの本場インドで日本のカレーが通用するのか、注目を集めています。,3.5
ロシアは、３試合を終えて勝ち点０ですでに敗退が決まっています。,3.5
ボーナスポイントで大きな１ポイントを獲得して勝てたのでほっとしている。,3.5
どの試合も、日本のファンたちによってすばらしい大会になっている。,3.5
逮捕されたのは中国国籍で東京 足立区に住む孫太武容疑者（37）です。,3.5
ドライバーの中国人男女３人もともに逮捕されました。,3.5
会社は「これまでに比べて大幅な伸びで、制度開始の影響が大きい」と話しています。,3.5
こうした中で「つながらない権利」を取り入れた企業も出始めています。,3.5
その結果、従業員のやる気向上につながり、売り上げは４割増えたということです。,3.5
今後の台風の情報に注意し、早めの備えを心がけてください。,3.5
吉野さんは、大阪府吹田市出身で71歳。,3.5
気象庁によりますと大型で猛烈な台風19号は、小笠原近海を北へ進んでいます。,3.5
今後の台風の情報に注意し、早めの備えを心がけてください。,3.5
日本政府観光局のコールセンターの電話番号は050-3816-2787です。,3.5
キックを積極的に使う新たな戦術の導入やフィジカルやフィットネスの徹底的な強化。,3.5
声をかけ合い、助け合い、力を合わせて、行動してください。,3.5
避難所での生活するための注意点をまとめました。,3.5
こうした情報は「日本未熟児新生児学会」のホームページで確認できます。,3.5
避難所で生活する高齢者の健康を守るための注意点です。,3.5
ＮＰＯでは、こうした情報を「日本トイレ研究所」のホームページで公開しています。,3.5
甚大な被害が出ている台風19号。,3.5
また、15人が行方不明になっています。,3.5
また、神奈川県や福島県など６つの県で15人が行方不明になっています。,3.5
一方、栃木県、埼玉県、静岡県の停電は、ホームページ上の発表では解消しました。,3.5
そして最後に求められたのは同級生との握手でした。,3.5
過去に同じ指導をしたという50代の中学校教員に話を聞くことができました。,3.5
見合わせる期間は、午後６時から翌日の午前５時までだということです。,3.5
この時間、西日本と東日本の太平洋側を中心に雨雲がかかっています。,3.5
富士山で、22日午後、初冠雪が観測されました。,3.5
最先端の自動車技術を披露する東京モーターショーが24日開幕します。,3.5
このため、これまでにない展示やイベントを設けて魅力を高めようとしています。,3.5
生身の娘が帰ってきたようで本当にうれしくて離したくないです。,3.5
今月25日の大雨では千葉県や福島県を中心に川の氾濫や土砂災害が相次ぎました。,3.5
警察などは28日も引き続き行方不明者の捜索を行うことにしています。,3.5
成田空港の運用時間が開港以来初めて１時間延長され、深夜０時までとなりました。,3.5
展示会は、幕張メッセで11月１日まで開かれています。,3.5
台風19号など災害が相次ぐなか、被災地へのさらなる支援が必要です。,3.5
被災者への支援に影響が出ないためにも、ボランティアの力が必要だということです。,3.5
検査の結果、犬は狂犬病には感染していませんでした。,3.5
飼い主はその後、予防接種を済ませたということです。,3.5
有権者登録を促す広告は、引き続き認めるということです。,3.5
首里城の火災を受けて各地で募金を行う動きも出ています。,3.5
沖縄の歴史、文化を学べるため、修学旅行やツアーでも必ず行程に入れる場所でした。,3.5
火災の動画が送られてきて、『でーじ（大変）』ということばしか出ませんでした。,3.5
肖像写真を拡大すると、指輪をはめている人がいたことが分かります。,3.5
関係が冷え込む日本と韓国の首脳が４日、訪問先のタイでことばを交わしました。,3.5
こうした地域の多くは、特別警報が出された地域に含まれていました。,3.5
首里城の火災から７日で１週間になります。,3.5
火山専門の職員を自治体に配置しようという全国で初めての取り組みです。,3.5
そして112人のうち、最上級生の６年生が75人とおよそ67％を占めました。,3.5
そんな発想で開発されているのが「カウンタードローン」です。,3.5
この制度は来月上旬にも始め、来年３月まで利用できるようにする方針です。,3.5
近く、四国運輸局に航路の休止を届け出るということです。,3.5
しかし、ドイツ社会には怒りや憎しみ、疎外による『新たな壁』ができた。,3.5
なお、参観には事前の申し込みは必要ないということです。,3.5
当時は気温35度のもとで命懸けで走った思い出がある。,3.5
台風19号による豪雨災害が発生してから12日で１か月です。,3.5
これを受けて出入国在留管理庁は、失踪防止に向けた新たな対策をまとめました。,3.5
また、失踪した実習生を雇用した企業名の公表なども検討するということです。,3.5
これは14日、ファミリーマートの澤田貴司社長が記者会見で明らかにしました。,3.5
めぐみも、ものすごい42年だったと感じているでしょうし、本当に酷なことです。,3.5
最近では欧米やアジア諸国からコンサートやイベントを国を挙げて誘致しています。,3.5
推定で年間30億枚が出荷されているコンタクトレンズ。,3.5
そうしたなかで最も有名なのが、日本初の「反射望遠鏡」です。,3.5
図面は非常に正確で、日本の天文学史において貴重な資料とされています。,3.5
現在の局長は警察庁出身で内閣情報官を務めていた北村滋氏です。,3.5
地域を限定して大胆な規制改革などを行う「国家戦略特区」を創設。,3.5
実に地球およそ38周に相当します。,3.5
最も多く訪れているのはアメリカで16回にのぼります。,3.5
安倍総理大臣は、ロシアとの関係強化を一貫して目指してきました。,3.5
フランス産ワインの新酒ボージョレ・ヌーボーの販売が、21日、解禁されました。,3.5
宮内庁によりますと午前11時までに7000人余りが訪れたということです。,3.5
「日本映画祭」は今月28日まで開かれます。,3.5
あなたと父親に祝福を』とおっしゃった。,3.5
このあと、劇場の関係者などが清めの塩をまいて興行の成功を祈願していました。,3.5
ことしの「顔見世興行」は、今月30日から来月26日まで行われる予定です。,3.5
茂木外務大臣は、午後、日本を訪れている中国の王毅外相と東京都内で会談しました。,3.5
男性でも女性でもないと感じる「Ｘジェンダー」の人や事実婚のカップルも対象です。,3.5
時期については早ければ2021年から順次、適用される見通しです。,3.5
この施設は毎日開いていて、入場は無料です。,3.5
一方、女川原発を襲った津波は13メートルの高さに及びました。,3.5
東北電力はこうした工事を来年度中に終えるとしています。,3.5
寒くなると無性に食べたくなるあったか～い「肉まん」やほくほくの「焼き芋」。,3.5
ふだんから電子レンジでさつまいもをつくっていました。,3.5
別の作業をしていたので煙には気付かず、報知機ではじめて気づいたそうです。,3.5
家族がレンジから煙が出ていることに気づき、事なきを得たとのことです。,3.5
電子レンジでの火災の事例はかなりありそうです。,3.5
“さつま芋や肉まんなどは長時間加熱すると急速に燃焼する危険性があります。,3.5
肉まんを電子レンジで加熱しはじめて３分55秒。,3.5
さらにその約20秒後の５分56秒。,3.5
食材だけでなく、包装や容器にも注意が必要です。,3.5
弁当用の使い捨て容器とアルミホイルを加熱。,3.5
さらに、こちらのパターンにも注意、汚れたレンジが火災の原因になります。,3.5
汚れたレンジで、コップに入れた水をあたためています。,3.5
面倒くさいと思いがちかもしれませんが…しっかり読むこと。,3.5
このあと集まった人たちはみんなで歌を歌って、ピースの誕生日を祝福していました。,3.5
今後30年以内に70％の確率で発生するとされる「首都直下地震」。,3.5
今後30年以内に70％の確率で発生すると予測される「首都直下地震」。,3.5
地球温暖化対策を話し合う国連の会議「ＣＯＰ25」が、スペインで開幕しました。,3.5
世界各国の15歳の学力を測る国際学力調査の結果が公表されました。,3.5
日本の教育政策はこの国際学力調査に大きく影響を受けてきました。,3.5
試験はパソコンを使って行われました。,3.5
▼ネズミが木の種を食べたため、新しい木が育たなかった。,3.5
課題となっている「読解力」を伸ばそうと、学校現場では試行錯誤を続けています。,3.5
同時多発する火災に対し、圧倒的に不足する消防力。,3.5
このうち、ことし死亡した人は、27人に上るということです。,3.5
ことし、最も世相を反映した食を選ぶ「今年の一皿」に「タピオカ」が選ばれました。,3.5
平成以降は、日本では３度にわたってタピオカがブームになりました。,3.5
大手衣料品チェーンの「ユニクロ」は、ベトナムに初めての店舗をオープンしました。,3.5
「神戸ルミナリエ」は、今月15日まで10日間の日程で行われます。,3.5
中村さんを乗せた車は午前10時半ごろ、空港をあとにしました。,3.5
深い悲しみはことばでは表せません。,3.5
天国に行っても私たちをずっと励ましてくれると思います。,3.5
心から感謝のことばと、ご冥福をお祈りを申し上げます。,3.5
はかりきれない損失で、無抵抗な中村さんを襲ったことは許せない。,3.5
「ペシャワール会」の村上優会長は、午前11時から空港で記者会見を行いました。,3.5
最後にお神酒をかけるなどして来年の航海の安全と豊漁を祈願しました。,3.5
見ていて心が清められるような感じで引き締まりました。,3.5
また会場では妻の久美子さんがステージに立つ吉野さんの姿を見守っていました。,3.5
日本中がワンチームになったことがすごくうれしいです。,3.5
いろいろな方の協力でファンにお礼ができたのはいいことだと思う。,3.5
震度５弱は北海道豊富町で、震度４が幌延町、それに震度３が天塩町でした。,3.5
今は防災担当の職員数人が駆けつけてきている。,3.5
今回のＣＯＰで日本が「化石賞」に選ばれるのは２回目です。,3.5
受賞理由を聞いて私が演説で発信した効果だと思った。,3.5
さらに、このうち66％に当たるおよそ１万基は、そのまま使われ続けていました。,3.5
この会社では、将来は重さ100キロまで運べるドローンの開発を目指しています。,3.5
また、次回の政策対話を近くソウルで開くことを明らかにしました。,3.5
育児や介護をしながらでも働き続けられる環境づくりが企業の間で広がっています。,3.5
三日間以上ご飯も食べれてない日が続いてます。,3.5
さらに６月には公式ホームページに白血病の公表後初めて自身の写真を掲載。,3.5
その一方で、がんの早期発見が「過剰診断」につながるケースもあります。,3.5
書類送検されたのは、新潟県長岡市の中学校に通う３年生の男子生徒です。,3.5
このほど主な建物が完成し、19日、報道機関を対象に一部が公開されました。,3.5
人口全体の18％、およそ５人に１人が75歳以上となります。,3.5
すばらしいコースになったのではと思う。,3.5
それでも訪れた人たちは早速、光に照らされた城壁を写真に収めていました。,3.5
大阪市や滋賀県湖南市も同様の取り組みを始めています。,3.5
女子高校生のアイデアをもとに作られた「痴漢抑止バッジ」があります。,3.5
ＪＲ関西線の線路近くで撮影された映像です。,3.5
疑惑については、みずからがきちんと説明すべきだ。,3.5
大しめ縄は来月28日まで設置されるということです。,3.5
また、対象外が設けられたことで消費者からは分かりにくいものになった。,3.5
心と体を鍛える新年恒例の空手の寒稽古が和歌山県新宮市で行われました。,3.5
新型車両の「Ｎ７００Ｓ」とこれまでの車両の外観の変化を比べてみました。,3.5
まず利用者にとってうれしいのがコンセントの増設です。,3.5
「Ｎ７００Ｓ」は外観や車内だけでなく、性能面でも向上している点がありました。,3.5
新幹線をめぐっては、ＪＲ東日本でも新型車両の開発が進められています。,3.5
最大の特徴は先頭車両の形状です。,3.5
通りがかった人たちは足を止めて庁舎を見上げたり、写真に収めたりしていました。,3.5
民間業者の作業も、２日前倒しして始めています。,3.5
見本市は10日まで開かれ、期間中、およそ18万人が訪れると見込まれています。,3.5
裁判では、検察官が起訴状の読み上げを始めました。,3.5
その後、刃物が入ったバッグを持って園に侵入し、職員を脅して５人を拘束した。,3.5
これで検察官の冒頭陳述は終わりました。,3.5
事件が誠に痛ましい事案であることも否定しない。,3.5
中学校は明るく目立ちたがりで性格は変わらず、３年生で飲酒や喫煙をした。,3.5
高校で喫煙して退学処分になったが、非行や補導歴はない。,3.5
しばらくして脱法ハーブを使用するようになり、大学３年のときには入れ墨をした。,3.5
働きはじめた当初は『障害者はかわいい』と述べていた。,3.5
安楽死すべきだ』と友人に繰り返し話すようになった。,3.5
それらについては友人たちの供述で説明する。,3.5
タクシーでは後ろのシートで横になり、身を隠すようにしていた。,3.5
被告には大麻精神病やほかの精神疾患もあった。,3.5
イランの精鋭部隊、革命防衛隊は８日、声明を国営テレビを通じて発表しました。,3.5
また攻撃の作戦名は「殉教者ソレイマニ」だとしています。,3.5
『びっくりしている』のひと言です。,3.5
派遣の命令では活動期間は今月20日からことし12月26日までとなっています。,3.5
このため主に西側で哨戒機が、東側で護衛艦が、それぞれ活動することになります。,3.5
パナソニック対クボタ以外の試合結果です。,3.5
秩父宮ラグビー場のチケットが取れなかったので熊谷まで来た。,3.5
トップリーグは、今シーズン、過去最多となる60万人の観客数を目指しています。,3.5
宿泊地のホテルには、その日の停車駅から専用のバスで向かう計画です。,3.5
全国的な暖冬による雪不足は、新潟県の伝統行事にも影響がおよびました。,3.5
「婿投げ」は、十日町市松之山地区に300年ほど前から伝わる伝統行事です。,3.5
現在では、新婚夫婦を祝う行事として、毎年行われています。,3.5
下で見守っていた妻は、斜面を転がる婿を受け止め、雪をやさしく払っていました。,3.5
その中で、雪の少なさを嘆く声も上がっています。,3.5
ひと晩で１メートルほどの雪が降ることもある十日町市松之山地区。,3.5
気象台は、雪が少ない傾向は、今後も続くとしています。,3.5
国内でこのウイルスの感染者が確認されたのは初めてです。,3.5
その後、14日に医療機関が保健所に武漢に渡航歴のある肺炎患者がいることを報告。,3.5
また中国から帰国した社員には病院で検査を受けるよう指示しているということです。,3.5
震災では街の再建にも長い時間がかかりました。,3.5
ただ、商店街のにぎわいの回復など街づくりには課題も残っています。,3.5
伊方原発３号機が司法判断で運転できなくなるのは平成29年以来、２度目です。,3.5
電気事業連合会の定例の記者会見に臨んだ勝野会長。,3.5
東日本大震災の福島のように原発事故が起きたら、この地域はつぶれてしまう。,3.5
時間がどれだけたっても、悲しみは変わりません。,3.5
大きな鏡餅を抱えて歩いた距離を競う「力餅」が、徳島県上板町で行われました。,3.5
実用化すれば日本企業としては初めてだということです。,3.5
このあとハリー王子はメーガン妃と長男のもとへと向かったとみられています。,3.5
認証されれば海の中でも分解されるレジ袋としては世界で初めてだということです。,3.5
首都直下地震の際に都心部で課題となるのが帰宅困難者への対応です。,3.5
先週の全国平均の小売価格は「レタス」が平年より35％安くなりました。,3.5
また、武漢市内のバスや地下鉄、長江を渡る客船なども運行をとりやめています。,3.5
素材には、夏の厳しい暑さに配慮して通気性や肌触りのいいものが採用されました。,3.5
これは冷戦期から現在までの間でもっとも短い残り時間です。,3.5
また、外務省も対策に乗り出しています。,3.5
手術は無事成功し、患者は27日朝、一般の病室に移ったということです。,3.5
手術の対象になるのは、虚血性心筋症という重い心不全の患者です。,3.5
澤教授は、今後５年ほどのうちには実用化を目指したいとしています。,3.5
入院などでかかる医療費は公費で負担されます。,3.5
手についたウイルスは目や口、それに鼻などから入ってきます。,3.5
手のひらで口を覆うと手にウイルスがついてしまいます。,3.5
厚生労働省は国内で人から人にウイルスに感染した可能性が高いとみて調べています。,3.5
新型のコロナウイルスの確定診断には、遺伝子レベルでの検査が行われます。,3.5
今回のケースだけでなく、すでに人から人への感染が広がっている可能性もある。,3.5
そして、午前８時40分すぎに羽田空港に戻りました。,3.5
このあとＥＵでは加盟国による書面手続きが行われます。,3.5
発足以来、拡大を続けてきたＥＵから加盟国が離脱するのは初めてとなります。,3.5
指定の期間は原則１年間で、さらに最大で１年延長することができます。,3.5
第２次世界大戦中にいったん閉園しましたが、戦後まもなく営業を再開しました。,3.5
閉園するかもしれないという情報に驚きました。,3.5
レトロだけど小さい子どもにとっては楽しい所だと思います。,3.5
また去年４月から新たに設けられた「特定技能」は７か月間で520人でした。,3.5
ＡＳＦは５日から法律上の名称がアフリカ豚コレラからアフリカ豚熱に改められます。,3.5
藤井七段は４日、大阪の関西将棋会館で高野秀行六段（47）と対局しました。,3.5
指示の理由や待機の期間についてこれまでに説明はないということです。,3.5
新型コロナウイルスの感染拡大で、日本国内でもマスクが品薄の状態が続いています。,3.5
そして通販サイトで定価の３倍程度の値段をつけ、転売しているということです。,3.5
東京都は、３日から都内でスギ花粉が飛び始めたと発表しました。,3.5
災害が迫った時などに自治体が発表する「避難勧告」や「避難指示」。,3.5
▽中国から手紙や小包を受け取ることは安全ですか？,3.5
▽自宅のペットは新型コロナウイルスを拡散しますか？,3.5
ただし、ペットとの接触後はせっけんと水で手を洗うことをおすすめします。,3.5
▽肺炎に対するワクチンは、新型コロナウイルスからあなたを守りますか？,3.5
しかし、鼻の中を洗い流すことで、呼吸器の感染症を防ぐことはできません。,3.5
いくつかの化学消毒剤は一般的には新型のコロナウイルスを殺すことができます。,3.5
▽新型コロナウイルスは高齢者に影響を及ぼしますか？,3.5
すべての年齢の人が新型コロナウイルスに感染する可能性があります。,3.5
いいえ、抗生物質はウイルスに対しては作用せず、細菌に対してのみ作用します。,3.5
いくつかの特定の治療法が調査中であり、臨床試験を通じてテストが行われます。,3.5
有本嘉代子さんは去年９月に一時退院した際、ＮＨＫの取材に応じていました。,3.5
とにかく恵子を取り返してほしい。,3.5
旅行先のデンマークのコペンハーゲンから家族に手紙が届いたのが最後でした。,3.5
新たな情報が寄せられたのは2002年３月（平成14年）。,3.5
有本恵子さんは先月（１月）60歳の還暦を迎えました。,3.5
その結果、全国59の大学病院に2819人の無給医がいたことが確認されました。,3.5
その結果、新たに628人の無給医がいたことが明らかになったということです。,3.5
外国語の映画が作品賞を受賞するのは初めてです。,3.5
カズ・ヒロさんがこの賞を受賞するのは、おととしに続き２度目です。,3.5
韓国では、すでに観客が1000万人を超える大ヒットとなっています。,3.5
外国語の作品には字幕の壁があると思っていましたが、人々はそれを乗り越えました。,3.5
それから３か月余りとなった10日、国による再建に向けた工事が始まりました。,3.5
今後は建物が一部残っている北殿や南殿を取り壊す工事を進めることにしています。,3.5
マルエツは大きいサイズを１枚３円、弁当用を１枚２円で販売することにしています。,3.5
感染の拡大が続く新型コロナウイルス。,3.5
「正しく怖がる」ための最新の情報をまとめました。,3.5
Ａ：感染力は「１人の患者から感染が何人に広がるのか」ではかります。,3.5
感染力は予防対策を取ることで下げることもできます。,3.5
Ｑ：新型コロナウイルスは、症状が出ていない潜伏期間でも感染するのでしょうか。,3.5
致死率はＳＡＲＳに比べると高くはないといえます。,3.5
いずれにしても、感染をできるだけ広げない対策が引き続き必要です。,3.5
Ｑ：新型コロナウイルスに対する治療薬はあるのでしょうか。,3.5
Ｑ：私たちができる対策はあるのでしょうか。,3.5
指の間や爪の隙間までしっかりと洗います。,3.5
すぐに手が洗えない場合は、アルコール消毒薬で手をふくのも有効です。,3.5
また、ウイルスは目や口、それに鼻などから入ってきます。,3.5
また、正しくマスクをつけることもせきエチケットになります。,3.5
また、日本人は10人いるということです。,3.5
さらに、船内で検疫を行っていた50代の男性検疫官１人も感染が確認されました。,3.5
そして12日、症状が悪化し、ウイルス検査を受け、13日、死亡しました。,3.5
女性が亡くなった詳しい原因は分かっていないということです。,3.5
男性は発症して以降、自宅で療養していて、勤務は行っていなかったということです。,3.5
男性の妻や子ども、それに同僚に今のところ症状は出ていないということです。,3.5
今後、国は、医療態勢全体の見直しを検討していくだろう。,3.5
暖冬の影響は、花粉にも及んでいるようです。,3.5
福岡市では111年前の明治42年の記録を更新し、観測史上最も遅い初雪です。,3.5
各地域の相談センターの連絡先は、厚生労働省のホームページに掲載されています。,3.5
専用の外来は、混乱を避けるため、一般には公開されていません。,3.5
また、発熱などかぜの症状が見られる時は、学校や会社を休むよう呼びかけています。,3.5
このほか、東京の23区外も37.9％上がって6649万円。,3.5
一方、神奈川県は2.4％下がって4961万円。,3.5
地下歩道やＡＴＭなどのサービス施設、それに駐車場は通常どおり利用できます。,3.5
また日本への渡航を心配する海外からの問い合わせも増加しています。,3.5
この催しは、来月８日まで開かれています。,3.5
新型コロナウイルスはどれくらいたてば感染させなくなるのでしょうか？,3.5
野党側は神戸大学の岩田教授とテレビ電話で意見を交わしました。,3.5
また、船内に設けられている対策本部を船外に移すべきだと指摘しました。,3.5
東京パラリンピックの開幕まで25日で半年です。,3.5
こうした回答が特に目立ったのは、車いすを使う競技です。,3.5
そして多くの競技団体が懸念を示したのが、東京パラリンピック後の施設の確保です。,3.5
一方、施設の確保に向けて動き始めている競技団体もありました。,3.5
一方、東証株価指数＝トピックスは45.41下がって、1628.59。,3.5
こんなに大変なことになると思っていなかった。,3.5
不特定多数の相手に転送するよう求める「チェーンメール」とみられています。,3.5
伊藤ハムが業務用ではなく、家庭用に“植物由来肉”を販売するのは初めてです。,3.5
安倍総理大臣は、29日午後６時すぎから、総理大臣官邸で記者会見を行いました。,3.5
終息への道のりは予断を許さない。,3.5
私は、これまでも、『政治は結果責任だ』と申し上げてきた。,3.5
日本選手でただ一人２時間５分台のタイムを持つ日本記録保持者です。,3.5
男女とも最後の１枠は今月８日までの３つのレースの結果を受けて決まります。,3.5
ＭＧＣ３位で悔しい思いをして半年間、努力したことがきょうの結果につながった。,3.5
シューズに合った走りをした結果だ。,3.5
その結果、観客を入れずに開催することを決めました。,3.5
そのうえで「無観客であっても力士の白熱した取組を約束する」と話しました。,3.5
商品の発注なども終わってあとは開催を待つばかりという状態だった。,3.5
相撲協会は今後、力士などに感染者が出た場合は場所の途中でも中止にする方針です。,3.5
新型コロナウイルスの感染拡大で献血にも影響が出ています。,3.5
去年もおよそ48万人が入場し、入場料収入はおよそ３億2800万円余りでした。,3.5
早いところでは来週末にもサクラの便りが届くかもしれません。,3.5
また、北海道の２店舗と鹿児島県の１店舗も合わせて閉店しました。,3.5
トピックスが1400を下回るのは、2016年11月以来、３年４か月ぶりです。,3.5
シーズンの開幕が延期されるのは東日本大震災のあった９年前の平成23年以来です。,3.5
われわれの一致した考えは、観客を入れて143試合やることを最優先すること。,3.5
しっかり調整してきたので、いつやっても大丈夫という状態ではいられると思う。,3.5
違反した場合は１年以下の懲役または100万円以下の罰金が科されます。,3.5
東日本大震災と東京電力福島第一原子力発電所の事故の発生から11日で９年です。,3.5
こうしたことから、２号機はいよいよ来年、取り出しを始める予定です。,3.5
大正７年は米騒動のため、開会式前日に延期が発表され、その後、中止になりました。,3.5
そして11日、臨時の運営委員会で最終判断を行い、大会の中止が決まりました。,3.5
教育関係者として選手の健康を第一に考えるというのが決断の原点。,3.5
そうしたことを考えればきょうが一番よかったと思う。,3.5
古代オリンピックでは大会の間は一切戦っていなかった。,3.5
その後、一部の出席者だけがヘラ神殿に移動し、採火の儀式が行われます。,3.5
それ以来、聖火リレーの出発点としてオリンピアが選ばれています。,3.5
この取り組みは仕入れたバラが無くなり次第終了するということです。,3.5
平成29年から漫画雑誌で連載が始まり、単行本は現在第６巻まで発売されています。,3.5
また、施設の職員２人を含むあわせて26人に重軽傷を負わせたことも認めました。,3.5
しかし発言が認めれることはありませんでした。,3.5
判決はひと区切りですが、通過点にすぎません。,3.5
規模別では、▽50人以上が１か所。,3.5
▽５人以上10人未満が４か所となっています。,3.5
▽千葉県でスポーツジムや福祉施設を介した感染が２か所。,3.5
▽神奈川県で福祉施設を介した感染が１か所。,3.5
▽新潟県で卓球スクールを介した感染が１か所。,3.5
▽大阪府でライブハウスを介した感染が１か所。,3.5
▽兵庫県で医療機関や福祉施設を介した感染が３か所。,3.5
▽大分県で飲食店を介した感染が１か所となっています。,3.5
採取は１分程度で終わり、車はそのまま保健所から出て行きました。,3.5
テーブルに飾ってお花見をしようという家族連れもいました。,3.5
同様の被害は47件確認されていて、警視庁が注意を呼びかけています。,3.5
そして点検が終わると、男らは「ありがとうございました」と言って姿を消しました。,3.5
カバンの中にあった財布から現金15万円が抜き取られていたのです。,3.5
テレワークを始めた人たちからは不安の声も聞かれます。,3.5
来年４月から、中学校で使われる教科書の検定が終了しました。,3.5
今回の教科書には著名人の記述も多く盛り込まれました。,3.5
今回の教科書には最近の世相を反映する内容も登場します。,3.5
高速で低遅延という５Ｇの特徴は、医療の現場でも活用が期待されています。,3.5
このＮＰＯ法人はメールでも随時相談を受け付けています。,3.5
全員集合』が大好きで、いつも放送を楽しみに待っていました。,3.5
芸能界を引っ張って来られた方で、長生きしてほしかったです。,3.5
志村けんさんの死去を海外のメディアも大きく伝えました。,3.5
去年の12月からこれまでに４回の収録にのぞみ、直近の収録は３月６日でした。,3.5
大幅に変えることはないと想定している。,3.5
集めたデータは結果を分析したあと速やかに廃棄する、と説明しています。,3.5
＜噴火３時間で首都機能マヒ＞噴火発生から３時間後。,3.5
この範囲では鉄道が止まって車の通行が困難となり、移動手段が徒歩に制限されます。,3.5
＜噴火１日後も影響続く＞噴火発生から１日後。,3.5
噴火後15日目には、鉄道が止まる範囲は首都圏のほぼ全域に。,3.5
そこに追い打ちをかけたのが東京オリンピック・パラリンピックの延期の決定です。,3.5
日本郵便は１日、ホームページに影響を受ける国や地域を掲載するとしています。,3.5
そして先輩社員の社内を案内され、業務内容などについて説明を受けていました。,3.5
また、席の間隔もあけられ、出席する役員も減らして式が行われました。,3.5
再来週以降、感染者数の多い都道府県から順次、配布するとしています。,3.5
この措置は３日午前０時から今月末まで実施するとしています。,3.5
一人一人が日常生活の中でできることを１つずつ実践していく。,3.5
市民生活に関わる情報をまとめました。,3.5
▽イオンイオンは原則として営業を続ける予定です。,3.5
▽イトーヨーカ堂原則として営業を続けることにしています。,3.5
宣言の内容を確認したうえで詳しい営業時間を検討することにしています。,3.5
宣言の内容を確認したうえで詳しい営業時間を検討することにしています。,3.5
宣言の内容を確認したうえで詳しい営業時間を検討することにしています。,3.5
また、移動店舗や宅配サービスなどは、通常どおり行うことにしています。,3.5
各店舗の営業時間はホームページで確認してほしいとしています。,3.5
今回の宣言を受けて短縮の期間を来月６日までとする方向で検討しています。,3.5
個人をはじめ、企業の資金繰りの相談や融資の申し込みなどにも応じています。,3.5
海外では多くの人が爆発的な感染拡大のために命を落としている。,3.5
緊急経済対策は思い切った内容だが、スピード感を持って対応することが大切だ。,3.5
そして、対策本部で、基本的対処方針にこうした内容を追加することを決めました。,3.5
新型コロナウイルスの感染拡大が続いています。,3.5
災害から命を守るために大事なのが、「避難所への避難」です。,3.5
避難所に行くことになった時、私たちはどんなことに気をつけたらいいのか。,3.5
まず、避難所にいく際に、感染症を防ぐために持っていきたいものです。,3.5
それは「避難所に入る前の体調チェック」です。,3.5
では、避難所で生活することになったら。,3.5
＜毎日の体調のチェック＞「自分の体調を毎日チェック」してください。,3.5
過去の災害でも、避難所で感染症の患者が相次いだことがあります。,3.5
感染拡大が続く中で対策をとった自治体もあります。,3.5
特にこれからは大雨の多い出水期を迎えます。,3.5
災害時の避難の方法を今のうちに考えておいてみてはいかがでしょうか。,3.5
新型コロナウイルスの国内の死者などについて年代別の人数が明らかになりました。,3.5
こうした内容は環境省のホームページに掲載されています。,3.5
さらに、感染のリスクに応じて病棟内を３段階に区分けしました。,3.5
さらに深刻なのはマスクや防護服などの感染対策に欠かせない資材の不足です。,3.5
見えないが故に高まる新型コロナウイルスへの不安。,3.5
それによると「外は一面塗りたてのペンキの世界」。,3.5
人間誰でも、うっかり手で鼻をこすったりします。,3.5
これを書いたのは、都内のクリニックに勤める内科医の眞鍋葉子さん。,3.5
先日、ネット上では、ある研究論文が話題になりました。,3.5
患者がいない場所なのに、どうしてウイルスが？,3.5
この調査結果が私たちの一般家庭に直ちに当てはまるかどうかはわかりません。,3.5
さて、外出先でペンキまみれになっているだろう私たち。,3.5
今、実践している手順を教えてくれました。,3.5
時間がたつとウイルスは不活性化するからです。,3.5
でも私がこうした情報を書いた目的は違います。,3.5
大切な家族を守るために家の防衛ラインを話し合ってみてはいかがでしょうか？,3.5
調査は筑波大学大学院と健康機器メーカーの「タニタ」などが行いました。,3.5
政府は、16日夜８時すぎから、総理大臣官邸で対策本部を開きました。,3.5
ここでも、今月14日は人が大きく増えていました。,3.5
総務省は、20日夕方、10万円の一律給付の概要を発表しました。,3.5
まさに今が感染拡大防止の正念場です。,3.5
そして今回、新たにテレビ会議アプリを使った「無観客ライブ」にも挑戦しました。,3.5
「スミス・マギニス症候群」という先天性の難病を抱えています。,3.5
その緒萌さんの元にホスピタル・クラウンとしてやってきたのが大棟さんでした。,3.5
動画は無料で、以下のサイトとホームページから見ることができます。,3.5
サイトでは、それぞれの団体の活動内容や寄付先の口座などを知ることができます。,3.5
厚生労働省によりますと、患者の自己負担は発生しない見通しです。,3.5
また、筋力の衰えを自分でチェックする方法なども紹介しています。,3.5
新型コロナウイルスの感染拡大を防ごうと、対策をとった店もありました。,3.5
人と話しながら走ってもつらくないくらいのスピードでのジョギングを推奨したい。,3.5
自宅で「暑熱順化」を進める方法もあります。,3.5
ただ、その際は水分補給を忘れないようにして、無理のない範囲で行ってください。,3.5
暑いときは適切にエアコンを使い、水分補給を心がけてください。,3.5
新型コロナウイルスに加え、暑さも気になる季節になりました。,3.5
住宅の密集地のマンションなど窓が１か所しかないというケースもあります。,3.5
担当者は消費電力を抑えながら換気する方法について教えてくれました。,3.5
厚生労働省は、この「抗原検査」の検査キットを13日付けで承認しました。,3.5
大相撲で新型コロナウイルスに感染した力士が亡くなったのは初めてです。,3.5
次の場所で姿を見られるのを夢みていたので残念です。,3.5
ご遺族の皆様方の傷心を察しますと、慰めのことばも見つかりません。,3.5
今はただ、安らかに眠ってほしいと思います。,3.5
外食産業の業界団体は本格的に営業を再開する際のガイドラインを発表しました。,3.5
人の動きと感染の動向を見て、国民の不安をなくし見通しを示す事が重要だ。,3.5
検査数が足りないもとでの一部解除の判断は率直に言って懸念を持たざるをえない。,3.5
また、接客時には店員が客と距離を取るなどの対策をとるということです。,3.5
これにより、感染症対策の予備費の残額は1兆4468億円となります。,3.5
また、ドイツやイタリア、シンガポールなどは10人未満でした。,3.5
▽現在は、世界100の国と地域からの入国を拒否しています。,3.5
こうした措置を受けて、航空各社では、大幅な運休や減便を続けています。,3.5
現時点では全世界的に人の動きが全くなく失われてしまった状況だ。,3.5
人員削減に踏み切る動きも相次いでいます。,3.5
航空会社を取り巻く厳しい環境は長期化する見通しです。,3.5
全国に2万6000人余りいます。,3.5
一方、予選としての地方大会も合わせて中止となりました。,3.5
開催中止は球児だけではなく高校野球をこよなく愛する方々にも痛恨の極みです。,3.5
しかし、甲子園出場を目指した球児という栄冠は永遠に輝いています。,3.5
高野連などが大会中止を決定した具体的な理由は以下のとおりです。,3.5
今の野球をやっている夢を諦めずに追い続けてほしい。,3.5
春に続いて夏の甲子園も中止となったことについて、大阪 梅田で反応を聞きました。,3.5
高校球児は、人生の目標がなくなるのではないかと心配です。,3.5
新型コロナウイルスの影響は家庭で飼われるペットにまで及んでいます。,3.5
自宅でマスクを作る際の注意を呼びかけているのは沖縄県獣医師会です。,3.5
食事は1日1食に減らし、家賃や光熱費も支払えない状態が続いています。,3.5
政府は午後7時すぎから総理大臣官邸で対策本部を開きました。,3.5
その一つが「新しい生活様式」です。,3.5
特に注意が必要なのは冬にかけての時期です。,3.5
政府は25日、緊急事態宣言を全国で解除しました。,3.5
片瀬海岸には多くの人たちが訪れ、マスクを着けて散歩する姿が見られました。,3.5
そして横たわったまま目を開けて、集まった報道陣を見ていました。,3.5
幼い頃に両親が離婚し、父親と兄と妹の4人で暮らしていました。,3.5
翌年、21歳の時に父親は病死しています。,3.5
警察は事前に下見をしていたとみています。,3.5
事件が起きたのは去年7月18日の午前10時半すぎでした。,3.5
一方、全焼した第1スタジオの建物は先月までに解体されました。,3.5
北九州市内では、今月22日まで23日連続で感染が確認されていませんでした。,3.5
このうち17人の感染経路がわかっていません。,3.5
マスクの着用が求められる中、これからの季節で心配されるのが熱中症です。,3.5
実験した2種類のシートは、いずれも材質が明記されていませんでした。,3.5
皆さん、「コロナ太り」になっていませんか？,3.5
専門家は、運動不足で生活習慣病になりやすくなると指摘しています。,3.5
実現することは大変うれしく思う。,3.5
正確な検査結果を得られないおそれがあります。,3.5
「東京アラート」が出されるのは初めてです。,3.5
都は今週末をめどに街頭での呼びかけを始めたいとしています。,3.5
しかしこれは彼らの問題ではない。,3.5
緊急事態宣言が全国で解除されて以降、首都圏では鉄道利用者が急増しています。,3.5
一方、換気について、一般的に空気の通る場所はリスクは低いとされます。,3.5
入場対象は今後、段階的に広げる予定です。,3.5
体温が３７度５分以上ある人は入れません。,3.5
ハグやハイタッチは身ぶりだけで行うことにしています。,3.5
また、入場者は乗車前と乗車後に手や指をアルコール消毒するルールになっています。,3.5
「ウポポイ」には、アイヌ語で「大勢で歌うこと」という意味があります。,3.5
展示物を紹介するパネルや館内の案内では、アイヌ語が優先的に使われています。,3.5
交流試合に招待されたのは、ことしのセンバツ出場が決まっていた32校です。,3.5
奈良からは智弁学園と、去年秋の近畿大会を制した天理高校の2校です。,3.5
このほか、智弁和歌山高校と兵庫の明石商業が招待されました。,3.5
鹿児島城西は、春夏通じて初めての甲子園出場が決まっていました。,3.5
日本高校野球連盟の八田英二会長は、10日会見を開きました。,3.5
悔いのないように大会に臨んでほしい。,3.5
そうした中で甲子園での交流試合の開催が決まり、彼らの喜ぶ顔が浮かびます。,3.5
札幌市は、利用者の把握ができているとして店舗名を明らかにしていません。,3.5
これで道内の感染者は、札幌市の延べ713人を含む延べ1144人となりました。,3.5
また道も、昼のカラオケによる感染予防対策を求めています。,3.5
▽マイク、リモコンなどをこまめに消毒するとしています。,3.5
退院するなどした人のおよそ7％に当たります。,3.5
自身の感染が確認されたのは、ことし3月。,3.5
肺が「線維化」の状態にあると診断されました。,3.5
この病気は陰性になっておしまいではない。,3.5
ベッドから全く動けない状態が1か月続いた結果、認知機能や運動機能が低下。,3.5
さらに、退院後に「高次脳機能障害」と診断されたケースもあると言います。,3.5
このため頭部のＭＲＩ検査を行ったところ、大脳皮質に複数の出血が見つかりました。,3.5
この店では、1200円で軽食が付きコーヒーも飲み放題です。,3.5
関係者によりますと、参加者は数千人に上ったとみられるということです。,3.5
そうした中、自分を変えようと挑戦したのが、ミスコンテストです。,3.5
写真展は、今月21日まで開かれています。,3.5
一方、抗体によって2回目の感染を防げるかはわかっていないということです。,3.5
現在は世界111の国と地域からの入国を拒否しています。,3.5
こうした措置を受けて、航空各社は大幅な運休や減便を続けています。,3.5
このうち観光分野では、早ければことし8月にも事業を開始することにしています。,3.5
獅子舞の披露は神戸市の中華街、南京町でも同じ時刻に披露されたということです。,3.5
また、先月25日に緊急事態宣言が解除されたあとでは、最も多くなりました。,3.5
このうち20代と30代が合わせて41人と全体のおよそ75％を占めています。,3.5
また、55人のうち、9人は同じ職場で働く20代の男女だということです。,3.5
一方、都は感染が確認された70代の男女2人が死亡したことを明らかにしました。,3.5
市では、感染拡大の状況によっては、休館の延長も検討するとしています。,3.5
会社によりますと、契約の申し込みは30日、100万件を超えたということです。,3.5
キャッシュレス決済のポイント還元制度が30日で終了します。,3.5
音は衝撃波によるものと考えられるが、実際に音が観測されるのはかなり珍しい。,3.5
熊本県の被災地では避難生活の長期化が懸念されています。,3.5
まず大切なのが避難所での衛生管理です。,3.5
特に東京では、じわりと感染が拡大しており、国民は不安に感じている。,3.5
きょう寺に遺骨を預けてお別れをしましたが、『行かないで』と声をかけました。,3.5
酒井さんはその後病院に運ばれましたが、帰らぬ人となりました。,3.5
球磨村ではほかに3人が亡くなり、村内の死者は17人となっています。,3.5
熊本県内で死亡した人は合わせて54人となっています。,3.5
そのうえで「犠牲者の遺族と日本の人々に心から哀悼の意を示す」としています。,3.5
行くのであれば、ガイドラインを順守したお店。,3.5
会場にある関係者控え室では、師匠の杉本昌隆八段が勝負の行方を見守っていました。,3.5
いろいろな人の思いが、今回の藤井七段の結果につながったのだと思います。,3.5
今回の記録的な豪雨で熊本県では多くの犠牲者がでました。,3.5
都道府県をまたぐ移動の自粛が全国で緩和されて19日で1か月です。,3.5
感染もするし、死亡することもある。,3.5
接待を伴う飲食店の関係者は、感染経路が分からない1人を含めると75人です。,3.5
都内で死亡した人は332人になりました。,3.5
また、都は残る2人について「確認中」としています。,3.5
このうち重症の人は30日より6人減って16人です。,3.5
▽自宅療養自宅で療養している人は30日より17人増えて401人す。,3.5
記録的な豪雨によって熊本県で甚大な被害が出てから、4日で1か月です。,3.5
日本のカレーを初めて食べましたが、とてもユニークです。,3.5
新型コロナウイルスは先月、全国で一気に感染が広がりました。,3.5
検査件数が今より大幅に少なかった4月は半数以上の日で20％から30％台でした。,3.5
ところが、6月中旬から上昇をはじめ、6月25日に3％ちょうどに達しました。,3.5
このメーカーが工夫したのは、日傘の持ちやすさです。,3.5
ことしは誰も経験したことがない夏。,3.5
発表された時にはこれまで以上に万全の対策が必要です。,3.5
広島は原爆が投下されて75年となる「原爆の日」を迎えました。,3.5
核兵器の危険を完全に排除する唯一の方法は、核兵器を完全に排除することだ。,3.5
移動そのものがリスクということではなく、帰省した際の行動が問題となる。,3.5
長崎に原爆が投下されて9日で75年です。,3.5
濃厚接触者のうち、最も多かったのは家庭内での感染で30人でした。,3.5
また、重症の患者は9日より1人増えて24人だということです。,3.5
また自宅で療養している人は、9日より18人減って588人です。,3.5
都は、8月中にさらに2つのホテルを開設する予定です。,3.5
運転手は墓に手を合わせた後、墓石を布で拭いたり、線香を供えたりしました。,3.5
参列者の数はおよそ550人と去年の1割以下となり、過去最も少なくなりました。,3.5
ことしは、感染防止のため、斉唱はせず、演奏のみとなりました。,3.5
この決然たる誓いをこれからも貫いてまいります。,3.5
そして、正午の時報とともに黙とうをささげられました。,3.5
京都のお盆の伝統行事「京都五山送り火」が16日夜に行われました。,3.5
感染拡大が続けば、企業の倒産が増えて失業者も増加する。,3.5
この期間は、東日本と西日本を中心に、連日のように危険な暑さとなりました。,3.5
都内の重症の患者は18日の時点で31人となっています。,3.5
東京都内では、熱中症で新たに24人が死亡していたことが分かりました。,3.5
今月に入って東京都内で熱中症で死亡した人は、合わせて103人に上っています。,3.5
自治体の中では、エアコンの設置費用を助成するなど支援の動きが出ています。,3.5
東京 荒川区の69歳の男性はアパートの6畳ひと間の部屋で1人で暮らしています。,3.5
しかし、ことしの夏は猛烈な暑さが続いています。,3.5
協力していただいた皆さんに心から感謝したい。,3.5
ただ、油断すると広がってしまうので、感染防止の対策を引き続きお願いしたい。,3.5
また、藤井棋聖は「タイトル2期獲得」の条件を満たして、「八段」に昇段しました。,3.5
まず、今月18日時点での病床のひっ迫具合です。,3.5
今月2日までの1週間では大阪府と愛知県が該当していました。,3.5
感染者数の直近1週間と前の週との比較です。,3.5
差別や偏見、誹謗中傷から子どもたちを守ろうという取り組みも始まっています。,3.5
洗剤の量り売りは26日、都内の2店舗で試験的に始まりました。,3.5
応じた事業者には、協力金として15万円を支給します。,3.5
自粛生活によって、子どもたちの体にどのような変化が起きているのか。,3.5
子どもの今の体の状態を出発点にしないと、けがにつながると痛感しています。,3.5
東京練馬区の遊園地の「としまえん」が31日で、94年の歴史に幕を下ろします。,3.5
大正15年に開園した東京練馬区の遊園地「としまえん」は、31日で閉園します。,3.5
台風の特別警報は、暴風、高潮、波浪の3つの現象が対象です。,3.5
台風の特別警報は6年前と4年前に、いずれも沖縄県で発表されました。,3.5
台風の特別警報が出たら、風が強くなる前に避難行動をとれるかどうかが重要だ。,3.5
この台風も鹿児島県に上陸しました。,3.5
災害から身を守るためにできること、何から始めたらよいのでしょうか？,3.5
台風が近づき、風や雨が強まってからの避難は危険です。,3.5
家にある備蓄や防災グッズを再点検しましょう。,3.5
小さいお子さんがいる場合は調理が不要な離乳食、液体ミルクなどがあると安心です。,3.5
傘、物干しざお、植木鉢など飛ばされやすいものは室内へ。,3.5
どこで過ごすのが安全かや避難に必要なものは人によって異なります。,3.5
来月、路線ごとに最終電車をどの程度早くするか公表することにしています。,3.5
就学前の娘たちは「3密」を気にせずのびのびと遊び回ります。,3.5
インターネットがあれば情報面でも格差を感じることはないといいます。,3.5
風で飛ばされてきた物が撤去されず、道路や歩道に散乱したままの場合もあります。,3.5
成田山新勝寺は、正月三が日には初詣の人で混雑し、例年300万人が訪れます。,3.5
インターネットでの回答は、書類を受け取った時点から可能となります。,3.5
インターネット、調査票ともに回答の期限は来月7日となっています。,3.5
新体制がどうなり、何を打ち出すのか。,3.5
これは厚生労働省が全国のハローワークを通じて毎年、行っています。,3.5
この影響で、ＪＲ山手線はおよそ10分の遅れが出ました。,3.5
一方、安倍前総理大臣も、各会派の控え室を訪れ、退任のあいさつをしました。,3.5
日本人が受賞するのは、ことしで14年連続です。,3.5
は虫類はどうなっているのだろうと思うわけです。,3.5
台湾でIT担当の閣僚を務める唐鳳氏、英語名オードリー・タン氏は現在、39歳。,3.5
台風は25日にかけて関東や東北の東の海上を北寄りに進む見込みです。,3.5
波も高く関東や東北の太平洋側では大しけが続く見込みです。,3.5
落雷や竜巻などの激しい突風にも十分注意してください。,3.5
都立の施設を開放するなどの準備をしている。,3.5
“カズさん”の存在は私たちの誇りでもあります。,3.5
大相撲の関脇 正代が秋場所千秋楽、13勝2敗で初優勝を果たしました。,3.5
今までの相撲人生で一番緊張したかもしれない。,3.5
大関は相撲界に入る前から憧れている地位。,3.5
初優勝を果たした正代は熊本県宇土市出身の28歳。,3.5
力士人生でいちばん楽しかったと思う。,3.5
本人はうれしいが、地元の人もうれしいだろう。,3.5
力士もよく頑張ってくれたと思う。,3.5
▽十両の勢に松鳳山は、松鳳山が引っ掛け。,3.5
▽徳勝龍に阿武咲は、徳勝龍が寄り切り。,3.5
▽魁聖に輝は、輝がすくい投げで、勝ち越し。,3.5
▽高安に明生は、高安が突き出しで10勝目。,3.5
▽妙義龍に炎鵬は、炎鵬が下手投げ。,3.5
▽北勝富士に栃ノ心は、北勝富士が押し出し。,3.5
▽霧馬山に関脇 御嶽海は、霧馬山が寄り切りで、9勝目。,3.5
▽大関 朝乃山に大関 貴景勝は、貴景勝が押し倒しで、12勝目。,3.5
優勝したかったら、もっといい成績を残すべきだと思う。,3.5
新型コロナウイルスで亡くなった人は、世界全体の累計で100万人を超えました。,3.5
そして「国が規制の権限を行使しなかったのは違法だ」としました。,3.5
男は調べに対し容疑を否認しているということです。,3.5
男は紙幣が本物だと思ったでしょうから、あとでびっくりしたと思います。,3.5
「長崎いのちの電話」でも相談員の確保が課題となっています。,3.5
一方、企業側に変化も見られるといいます。,3.5
これは、日本航空の赤坂祐二社長が7日の記者会見で明らかにしました。,3.5
市によりますと多くの学校では、感染拡大の影響で行き先を変更したということです。,3.5
横浜市は現時点では健康に影響を及ぼすことはないとしています。,3.5
「自分も産後うつだと思う」という30代の女性が取材に応じました。,3.5
長女を出産したのは東京にまだ緊急事態宣言が出されていたことし5月でした。,3.5
入院中は、夫や家族との面会もかないませんでした。,3.5
誰ともかかわらず、1人で子育てに追われています。,3.5
「ママ友」どころか、知り合いすら1人もいないままです。,3.5
気分のアップダウンがかなりあり、助けを求めたいけれど誰もいません。,3.5
米中の貿易摩擦が国際郵便の料金にも影響した形となりました。,3.5
店の面積は、標準的な店舗の4分の1ほどでテーブルやイスはありません。,3.5
今後、売り上げなどを検証したうえで、店舗を増やしていきたいとしています。,3.5
運送約款の変更を申請した都内のタクシー会社、日の丸交通です。,3.5
営業所によってはマスクをつけていた人が75％前後のところもありました。,3.5
会社が専門家の意見を聞いて陥没との関係を調査することにしています。,3.5
栃木県の奥日光にある中禅寺湖の周辺では、紅葉が見頃を迎えています。,3.5
また、周囲の山々も例年にもまして見事に紅葉しています。,3.5
「N95」と呼ばれる医療用マスクを隙間無く着けた場合は79％減っていました。,3.5
マスクをきちんと着用することが重要だと分かった。,3.5
かぜのような症状があり、自宅で療養しているということです。,3.5
小学校はこの5年でおよそ4倍になっています。,3.5
いま本当に子どもたちが低年齢でストレスをためている。,3.5
この秋、各地でクマが人里に出没するケースが多発しています。,3.5
安倍政権の政策を内政や外交でしっかり継承していくのだと感じた。,3.5
具体的な課題の積み上げ無くして抽象的な国家像を語っても響かない点もある。,3.5
妊娠して初めて子宮頸がんが見つかると治療の幅が非常に狭くなってしまう。,3.5
また、青函トンネルの高速化も大きな課題です。,3.5
パンダ1頭で多くの人を集め、大きな経済効果をもたらした。,3.5
※集計は、後日修正される可能性があります。,3.5
感染者の集団＝クラスターも各地で出始め、2月の新規感染者は930人。,3.5
日本の劇場版の予告映像を見た感想をユーチューブに投稿する海外のファンもいます。,3.5
ストーリーが気になって、自分自身で映画を見る日が待ちきれないです。,3.5
沖縄の首里城の火災から、31日で1年です。,3.5
このあと、看護師から発熱やせきがないかの問診を受けます。,3.5
検体採取は、5分程度で終わります。,3.5
「大阪都構想」の賛否を問う住民投票の結果です。,3.5
冬場に新型コロナウイルスの流行がどうなるのか。,3.5
そして、換気とともに重要なのが「湿度の管理」です。,3.5
また、洗濯物を室内に干すことでも乾燥を防げるということです。,3.5
任天堂は、ことし9月までの中間決算を発表しました。,3.5
近年、海外にも愛好家が多いにしきごい。,3.5
福岡県久留米市のにしきごいの養殖会社。,3.5
毎年10月は、成長したにしきごいの出荷シーズン。,3.5
社長の尾形学さんが望みをかけたのがネットオークションでした。,3.5
動画は、社長の尾形さんがみずから撮影しました。,3.5
外国人でも一目でこいの質の違いがわかるように工夫を凝らしました。,3.5
開始直後から、カナダやシンガポールなど、17の国や地域から入札が相次ぎました。,3.5
尾形さんは、今後のネット活用に手応えを感じていました。,3.5
この干し柿は、来年1月6日まで「かみのやま温泉駅」の1番ホームにつるされます。,3.5
そして12分後に宇宙船は予定の軌道に投入され、打ち上げは成功しました。,3.5
船内をすべて見せてしまうのです。,3.5
飛行士が見ているパネルが見えていても気にしません。,3.5
さらにアピールするのは、その価格です。,3.5
同じクラスの別のロケットと比べて半分程度とされています。,3.5
息抜きができず、ストレスはたまり続けていくいっぽうです。,3.5
都内の感染状況が最も高い警戒レベルになるのは、ことし9月以来です。,3.5
都によりますと、先月は7000件台が1日、6000件台が4日でした。,3.5
さらに、今月16日は8600件で、初めて8000件を超え過去最多になりました。,3.5
感染しやすい場、リスクが高い場というのはわかってきている。,3.5
ただ、すでに予約済みの旅行は補助するということです。,3.5
支援窓口の7割近くが「本人が支援を拒むなど難しさを感じた」としています。,3.5
長年のひきこもりの末に命を落とす、「ひきこもり死」。,3.5
本人みずから支援窓口に相談に来たケースは、わずか15％に過ぎませんでした。,3.5
この改正種苗法は、一部の規定を除き、来年4月に施行されます。,3.5
このため農家の負担が増えるとして、懸念の声が上がっています。,3.5
食欲はないけど、食べる努力もしています。,3.5
その目からは大粒の涙がこぼれ、手にしたタオルでぬぐっていました。,3.5
発信力のある人に対し、見せしめのような形で厳罰を科しているのではないか。,3.5
新型コロナウイルスの感染拡大が女性の雇用に大きな影響を与えています。,3.5
解析は、専門家会合のメンバーで東北大学の押谷仁教授が行い、報告しました。,3.5
NHKが入手した違法賭博の映像です。,3.5
今月15日から運用が始まるのを前に、大阪府の吉村知事が7日、視察に訪れました。,3.5
命に関わることもあるので注意が必要だ。,3.5
今月5日の測定では体重は76.4キロでした。,3.5
上野動物園には9年前の2011年2月にやってきました。,3.5
カップルの2頭は、パンダブームを巻き起こしました。,3.5
このうちメスのトントンの婿としてオスのリンリンが1992年にやってきました。,3.5
景観を損ねることなどを懸念する住民の声が背景にあります。,3.5
条例が制定されたきっかけの1つが、地元の住民たちによる反対署名です。,3.5
国が求めるデータの入力が現場に負担をかけています。,3.5
夢にまでみた地球外の天体のサンプルが私たちの手元にあります。,3.5
ただ、死刑になったからといって先輩を含めた被害者9人の人生は戻らない。,3.5
判決のあと今回の裁判で補充裁判員を務めた男性4人が記者会見に応じました。,3.5
判決言い渡しの予定はまだ決まっていません。,3.5
今後、最高裁が統一的な判断を示す可能性があり、救済の幅が広がるか注目されます。,3.5
救済につながったことは大きな喜びだ。,3.5
地域別に1週間当たりの感染者数を見ます。,3.5
そうしたアナウンスも無ければもっと感染が広がっていたのではないか。,3.5
さらに20代から70代の年代を3つに分けて、移動した人数を比較してみます。,3.5
東京 渋谷区の笹塚小学校では、5年生の2クラスで40人が在籍しています。,3.5
ここで踏みとどまらなければ大切な命を守れない。,3.5
正月三が日も24時間、参拝することができます。,3.5
また、安倍氏は先月23日にこうした内容の報告を受けたとしています。,3.5
安倍氏の国会などでの説明をまとめました。,3.5
ホテル側において当該価格どおりのサービスが提供されたものと承知している。,3.5
【収支報告書への記載】次に政治資金収支報告書への記載についてです。,3.5
そして、安倍氏は先月23日にこうした内容の報告を受けたとしています。,3.5
小渕氏は関与は認められないとして不起訴になりました。,3.5
やらなくちゃならないことが積まれていってしまう。,3.5
つわりがあったとき、ちょっと気持ちが悪くなったこともありました。,3.5
そして、東京簡易裁判所から罰金100万円を命じられ、罰金を納付しました。,3.5
また校則を見直す際には、生徒や保護者が参加できる工夫も求めています。,3.5
都心の駅前を舞台に道行く人をボランティアで応援する「駅前チアリーディング」。,3.5
ポケットマネーからの補てんは不適切で怪しい支出だ。,3.5
真実を説明しようという姿勢はみじんも感じられなかった。,3.5
甚だ残念だし、到底納得できるものではない。,3.5
